attendance_id,employee_id,month,working_days,present_days,leave_days,absent_days,late_days,expected_working_hours,actual_working_hours,overtime_hours,attendance_percentage
1,1001,2025-01,23,20,3,0,2,184,162,5,86.96
2,1001,2025-02,20,19,1,0,2,160,155,4,95.0
3,1001,2025-03,21,21,0,0,0,168,165,0,100.0
4,1001,2025-04,22,22,0,0,0,176,181,3,100.0
5,1001,2025-05,22,20,0,2,1,176,165,4,90.91
6,1001,2025-06,21,20,1,0,1,168,158,0,95.24
7,1001,2025-07,23,23,0,0,1,184,185,0,100.0
8,1001,2025-08,21,18,1,2,2,168,144,0,85.71
9,1001,2025-09,22,21,0,1,2,176,171,3,95.45
10,1001,2025-10,23,22,1,0,2,184,177,4,95.65
11,1001,2025-11,20,15,0,5,3,160,123,1,75.0
12,1001,2025-12,23,23,0,0,0,184,182,0,100.0
13,1002,2025-01,23,23,0,0,1,184,182,0,100.0
14,1002,2025-02,20,18,1,1,1,160,142,0,90.0
15,1002,2025-03,21,16,2,3,2,168,128,0,76.19
16,1002,2025-04,22,22,0,0,0,176,175,0,100.0
17,1002,2025-05,22,21,0,1,2,176,172,2,95.45
18,1002,2025-06,21,20,0,1,0,168,160,0,95.24
19,1002,2025-07,23,22,0,1,0,184,175,2,95.65
20,1002,2025-08,21,21,0,0,2,168,168,1,100.0
21,1002,2025-09,22,21,1,0,1,176,172,5,95.45
22,1002,2025-10,23,22,0,1,1,184,172,0,95.65
23,1002,2025-11,20,19,0,1,2,160,149,0,95.0
24,1002,2025-12,23,20,2,1,2,184,162,0,86.96
25,1003,2025-02,20,19,1,0,2,160,152,0,95.0
26,1003,2025-03,21,19,2,0,2,168,154,0,90.48
27,1003,2025-04,22,22,0,0,2,176,173,0,100.0
28,1003,2025-05,22,19,2,1,2,176,148,0,86.36
29,1003,2025-06,21,21,0,0,1,168,176,11,100.0
30,1003,2025-07,23,23,0,0,2,184,185,0,100.0
31,1003,2025-08,21,14,5,2,2,168,114,0,66.67
32,1003,2025-09,22,19,0,3,3,176,154,1,86.36
33,1003,2025-10,23,23,0,0,0,184,187,2,100.0
34,1003,2025-11,20,19,1,0,2,160,149,0,95.0
35,1003,2025-12,23,19,1,3,4,184,151,0,82.61
36,1004,2025-07,23,22,0,1,0,184,176,0,95.65
37,1004,2025-08,21,19,1,1,1,168,154,4,90.48
38,1004,2025-09,22,21,1,0,0,176,165,0,95.45
39,1004,2025-10,23,23,0,0,0,184,185,0,100.0
40,1004,2025-11,20,19,0,1,2,160,150,0,95.0
41,1004,2025-12,23,22,0,1,2,184,183,7,95.65
42,1005,2025-01,23,22,0,1,0,184,176,3,95.65
43,1005,2025-02,20,16,4,0,3,160,128,1,80.0
44,1005,2025-03,21,19,1,1,2,168,152,3,90.48
45,1005,2025-04,22,21,0,1,2,176,164,0,95.45
46,1005,2025-05,22,21,0,1,2,176,170,0,95.45
47,1005,2025-06,21,15,3,3,2,168,119,0,71.43
48,1005,2025-07,23,22,0,1,2,184,172,0,95.65
49,1005,2025-08,21,20,1,0,1,168,157,0,95.24
50,1005,2025-09,22,19,1,2,3,176,159,6,86.36
51,1005,2025-10,23,22,0,1,0,184,185,10,95.65
52,1005,2025-11,20,20,0,0,1,160,157,0,100.0
53,1005,2025-12,23,23,0,0,2,184,187,2,100.0
54,1006,2025-01,23,23,0,0,2,184,185,0,100.0
55,1006,2025-02,20,17,2,1,3,160,135,0,85.0
56,1006,2025-03,21,21,0,0,2,168,167,0,100.0
57,1006,2025-04,22,20,0,2,3,176,159,0,90.91
58,1006,2025-05,22,21,1,0,1,176,170,0,95.45
59,1006,2025-06,21,18,0,3,2,168,142,0,85.71
60,1006,2025-07,23,18,4,1,2,184,142,0,78.26
61,1006,2025-08,21,21,0,0,0,168,179,12,100.0
62,1006,2025-09,22,22,0,0,0,176,175,2,100.0
63,1006,2025-10,23,21,0,2,3,184,166,0,91.3
64,1006,2025-11,20,19,0,1,2,160,159,11,95.0
65,1006,2025-12,23,22,1,0,2,184,173,0,95.65
66,1007,2025-01,23,22,0,1,0,184,180,3,95.65
67,1007,2025-02,20,19,1,0,2,160,156,2,95.0
68,1007,2025-03,21,20,1,0,0,168,171,9,95.24
69,1007,2025-04,22,22,0,0,0,176,177,0,100.0
70,1007,2025-05,22,22,0,0,2,176,176,2,100.0
71,1007,2025-06,21,20,1,0,2,168,161,0,95.24
72,1007,2025-07,23,22,1,0,1,184,173,0,95.65
73,1007,2025-08,21,21,0,0,0,168,168,1,100.0
74,1007,2025-09,22,20,0,2,1,176,162,0,90.91
75,1007,2025-10,23,22,1,0,2,184,176,1,95.65
76,1007,2025-11,20,15,4,1,3,160,118,0,75.0
77,1007,2025-12,23,20,0,3,1,184,160,4,86.96
78,1008,2025-01,23,22,1,0,2,184,175,0,95.65
79,1008,2025-02,20,20,0,0,0,160,156,0,100.0
80,1008,2025-03,21,20,1,0,1,168,160,0,95.24
81,1008,2025-04,22,22,0,0,1,176,178,0,100.0
82,1008,2025-05,22,21,1,0,2,176,166,0,95.45
83,1008,2025-06,21,18,1,2,2,168,140,0,85.71
84,1008,2025-07,23,18,5,0,2,184,143,0,78.26
85,1008,2025-08,21,16,2,3,5,168,124,0,76.19
86,1008,2025-09,22,20,1,1,1,176,170,8,90.91
87,1008,2025-10,23,23,0,0,2,184,186,0,100.0
88,1008,2025-11,20,20,0,0,1,160,165,3,100.0
89,1008,2025-12,23,23,0,0,0,184,180,0,100.0
90,1009,2025-01,23,22,1,0,0,184,176,0,95.65
91,1009,2025-02,20,19,0,1,1,160,154,0,95.0
92,1009,2025-03,21,20,0,1,1,168,160,0,95.24
93,1009,2025-04,22,17,2,3,3,176,139,4,77.27
94,1009,2025-05,22,21,0,1,0,176,165,0,95.45
95,1009,2025-06,21,17,0,4,5,168,139,5,80.95
96,1009,2025-07,23,23,0,0,1,184,196,12,100.0
97,1009,2025-08,21,20,1,0,0,168,167,8,95.24
98,1009,2025-09,22,22,0,0,1,176,175,3,100.0
99,1009,2025-10,23,22,0,1,2,184,180,2,95.65
100,1009,2025-11,20,20,0,0,2,160,172,12,100.0
101,1009,2025-12,23,20,1,2,2,184,162,0,86.96
102,1010,2025-01,23,23,0,0,2,184,184,3,100.0
103,1010,2025-02,20,19,1,0,2,160,149,0,95.0
104,1010,2025-03,21,20,0,1,2,168,167,7,95.24
105,1010,2025-04,22,21,0,1,0,176,166,0,95.45
106,1010,2025-05,22,21,0,1,2,176,170,4,95.45
107,1010,2025-06,21,19,2,0,1,168,163,12,90.48
108,1010,2025-07,23,22,0,1,1,184,172,0,95.65
109,1010,2025-08,21,21,0,0,1,168,165,0,100.0
110,1010,2025-09,22,21,0,1,0,176,169,0,95.45
111,1010,2025-10,23,20,1,2,3,184,162,0,86.96
112,1010,2025-11,20,19,1,0,2,160,151,0,95.0
113,1010,2025-12,23,22,1,0,2,184,174,0,95.65
114,1011,2025-01,23,22,0,1,2,184,177,0,95.65
115,1011,2025-02,20,16,2,2,2,160,124,0,80.0
116,1011,2025-03,21,21,0,0,2,168,168,0,100.0
117,1011,2025-04,22,20,2,0,2,176,162,3,90.91
118,1011,2025-05,22,17,2,3,5,176,139,1,77.27
119,1011,2025-06,21,20,0,1,2,168,162,0,95.24
120,1011,2025-07,23,21,2,0,3,184,172,3,91.3
121,1011,2025-08,21,20,1,0,0,168,161,1,95.24
122,1011,2025-09,22,21,1,0,0,176,166,0,95.45
123,1011,2025-10,23,19,0,4,2,184,149,0,82.61
124,1011,2025-11,20,19,1,0,2,160,148,0,95.0
125,1011,2025-12,23,20,2,1,2,184,168,6,86.96
126,1012,2025-01,23,22,0,1,1,184,176,0,95.65
127,1012,2025-02,20,17,3,0,1,160,140,3,85.0
128,1012,2025-03,21,19,2,0,2,168,149,0,90.48
129,1012,2025-04,22,21,1,0,2,176,168,4,95.45
130,1012,2025-05,22,21,0,1,2,176,172,4,95.45
131,1012,2025-06,21,20,0,1,2,168,161,0,95.24
132,1012,2025-07,23,22,1,0,0,184,172,0,95.65
133,1012,2025-08,21,21,0,0,1,168,169,0,100.0
134,1012,2025-09,22,20,2,0,1,176,159,0,90.91
135,1012,2025-10,23,22,0,1,2,184,183,7,95.65
136,1012,2025-11,20,19,1,0,0,160,163,10,95.0
137,1012,2025-12,23,23,0,0,0,184,185,0,100.0
138,1013,2025-01,23,22,0,1,2,184,179,1,95.65
139,1013,2025-02,20,16,2,2,2,160,130,0,80.0
140,1013,2025-03,21,20,0,1,1,168,156,0,95.24
141,1013,2025-04,22,22,0,0,1,176,174,0,100.0
142,1013,2025-05,22,17,2,3,4,176,132,0,77.27
143,1013,2025-06,21,19,0,2,2,168,151,0,90.48
144,1013,2025-07,23,22,0,1,2,184,174,0,95.65
145,1013,2025-08,21,21,0,0,1,168,169,0,100.0
146,1013,2025-09,22,22,0,0,1,176,177,0,100.0
147,1013,2025-10,23,22,0,1,1,184,184,9,95.65
148,1013,2025-11,20,20,0,0,1,160,162,0,100.0
149,1013,2025-12,23,22,1,0,0,184,175,0,95.65
150,1014,2025-01,23,23,0,0,0,184,186,0,100.0
151,1014,2025-02,20,20,0,0,0,160,160,0,100.0
152,1014,2025-03,21,20,1,0,1,168,157,0,95.24
153,1014,2025-04,22,19,0,3,3,176,151,0,86.36
154,1014,2025-05,22,21,1,0,2,176,169,0,95.45
155,1014,2025-06,21,20,0,1,0,168,158,0,95.24
156,1014,2025-07,23,23,0,0,2,184,192,10,100.0
157,1014,2025-08,21,17,1,3,4,168,134,0,80.95
158,1014,2025-09,22,17,3,2,2,176,133,0,77.27
159,1014,2025-10,23,22,0,1,2,184,175,0,95.65
160,1014,2025-11,20,17,0,3,2,160,140,6,85.0
161,1014,2025-12,23,20,1,2,3,184,161,0,86.96
162,1015,2025-01,23,23,0,0,0,184,180,0,100.0
163,1015,2025-02,20,17,1,2,3,160,135,0,85.0
164,1015,2025-03,21,20,0,1,1,168,157,0,95.24
165,1015,2025-04,22,17,0,5,2,176,132,0,77.27
166,1015,2025-05,22,20,0,2,2,176,162,0,90.91
167,1015,2025-06,21,15,4,2,5,168,118,0,71.43
168,1015,2025-07,23,21,1,1,2,184,169,0,91.3
169,1015,2025-08,21,21,0,0,2,168,166,0,100.0
170,1015,2025-09,22,21,1,0,1,176,167,0,95.45
171,1015,2025-10,23,21,0,2,1,184,169,0,91.3
172,1015,2025-11,20,19,1,0,1,160,149,0,95.0
173,1015,2025-12,23,22,0,1,2,184,174,0,95.65
174,1016,2025-01,23,21,0,2,3,184,166,0,91.3
175,1016,2025-02,20,13,6,1,5,160,102,0,65.0
176,1016,2025-03,21,17,2,2,2,168,134,0,80.95
177,1016,2025-04,22,22,0,0,1,176,176,0,100.0
178,1016,2025-05,22,22,0,0,2,176,179,1,100.0
179,1016,2025-06,21,16,2,3,3,168,127,0,76.19
180,1016,2025-07,23,23,0,0,0,184,186,1,100.0
181,1016,2025-08,21,20,0,1,1,168,162,0,95.24
182,1016,2025-09,22,21,0,1,1,176,166,0,95.45
183,1016,2025-10,23,22,0,1,1,184,178,0,95.65
184,1016,2025-11,20,16,2,2,2,160,138,9,80.0
185,1016,2025-12,23,23,0,0,0,184,183,0,100.0
186,1017,2025-01,23,18,2,3,3,184,143,3,78.26
187,1017,2025-02,20,15,0,5,5,160,129,12,75.0
188,1017,2025-03,21,20,0,1,1,168,161,0,95.24
189,1017,2025-04,22,18,2,2,3,176,141,0,81.82
190,1017,2025-05,22,21,1,0,2,176,169,0,95.45
191,1017,2025-06,21,20,1,0,2,168,157,0,95.24
192,1017,2025-07,23,20,2,1,3,184,165,4,86.96
193,1017,2025-08,21,16,0,5,2,168,125,0,76.19
194,1017,2025-09,22,17,1,4,3,176,137,0,77.27
195,1017,2025-10,23,21,2,0,3,184,169,0,91.3
196,1017,2025-11,20,17,3,0,1,160,146,12,85.0
197,1017,2025-12,23,20,3,0,1,184,158,0,86.96
198,1018,2025-01,23,22,1,0,0,184,175,3,95.65
199,1018,2025-02,20,19,1,0,2,160,152,1,95.0
200,1018,2025-03,21,18,2,1,2,168,142,0,85.71
201,1018,2025-04,22,17,3,2,5,176,135,0,77.27
202,1018,2025-05,22,21,1,0,2,176,165,0,95.45
203,1018,2025-06,21,21,0,0,1,168,173,9,100.0
204,1018,2025-07,23,18,2,3,4,184,148,2,78.26
205,1018,2025-08,21,20,0,1,1,168,168,10,95.24
206,1018,2025-09,22,21,0,1,0,176,166,0,95.45
207,1018,2025-10,23,17,0,6,5,184,135,3,73.91
208,1018,2025-11,20,19,1,0,1,160,154,0,95.0
209,1018,2025-12,23,22,0,1,1,184,175,0,95.65
210,1019,2025-01,23,23,0,0,2,184,181,0,100.0
211,1019,2025-02,20,20,0,0,1,160,157,0,100.0
212,1019,2025-03,21,21,0,0,1,168,167,0,100.0
213,1019,2025-04,22,20,0,2,2,176,158,0,90.91
214,1019,2025-05,22,22,0,0,2,176,176,1,100.0
215,1019,2025-06,21,18,3,0,1,168,145,0,85.71
216,1019,2025-07,23,22,0,1,2,184,172,0,95.65
217,1019,2025-08,21,19,0,2,3,168,154,0,90.48
218,1019,2025-09,22,22,0,0,0,176,186,8,100.0
219,1019,2025-10,23,22,0,1,0,184,175,0,95.65
220,1019,2025-11,20,19,0,1,1,160,150,0,95.0
221,1019,2025-12,23,20,1,2,3,184,161,0,86.96
222,1020,2025-01,23,23,0,0,0,184,180,0,100.0
223,1020,2025-02,20,19,1,0,1,160,152,0,95.0
224,1020,2025-03,21,20,0,1,2,168,162,0,95.24
225,1020,2025-04,22,21,0,1,2,176,170,0,95.45
226,1020,2025-05,22,20,1,1,2,176,156,0,90.91
227,1020,2025-06,21,20,0,1,0,168,165,4,95.24
228,1020,2025-07,23,23,0,0,0,184,189,4,100.0
229,1020,2025-08,21,19,1,1,1,168,154,0,90.48
230,1020,2025-09,22,21,1,0,2,176,171,1,95.45
231,1020,2025-10,23,23,0,0,2,184,180,0,100.0
232,1020,2025-11,20,19,1,0,2,160,149,0,95.0
233,1020,2025-12,23,20,3,0,3,184,159,0,86.96
234,1021,2025-01,23,19,3,1,3,184,151,0,82.61
235,1021,2025-02,20,20,0,0,0,160,160,0,100.0
236,1021,2025-03,21,21,0,0,0,168,169,1,100.0
237,1021,2025-04,22,21,0,1,2,176,169,0,95.45
238,1021,2025-05,22,21,0,1,0,176,168,0,95.45
239,1021,2025-06,21,20,1,0,2,168,161,3,95.24
240,1021,2025-07,23,20,3,0,3,184,158,0,86.96
241,1021,2025-08,21,21,0,0,1,168,170,5,100.0
242,1021,2025-09,22,21,0,1,0,176,165,0,95.45
243,1021,2025-10,23,23,0,0,0,184,183,3,100.0
244,1021,2025-11,20,19,0,1,1,160,150,1,95.0
245,1021,2025-12,23,18,0,5,3,184,142,0,78.26
246,1022,2025-01,23,21,2,0,1,184,170,0,91.3
247,1022,2025-02,20,19,0,1,2,160,153,0,95.0
248,1022,2025-03,21,21,0,0,1,168,168,1,100.0
249,1022,2025-04,22,21,1,0,0,176,168,0,95.45
250,1022,2025-05,22,19,1,2,2,176,159,7,86.36
251,1022,2025-06,21,20,0,1,1,168,157,0,95.24
252,1022,2025-07,23,23,0,0,0,184,186,0,100.0
253,1022,2025-08,21,20,0,1,1,168,163,2,95.24
254,1022,2025-09,22,21,1,0,1,176,169,5,95.45
255,1022,2025-10,23,23,0,0,0,184,185,0,100.0
256,1022,2025-11,20,17,3,0,3,160,132,0,85.0
257,1022,2025-12,23,19,3,1,2,184,150,0,82.61
258,1023,2025-11,20,20,0,0,2,160,157,0,100.0
259,1023,2025-12,23,23,0,0,0,184,193,11,100.0
260,1024,2025-01,23,21,2,0,3,184,172,2,91.3
261,1024,2025-02,20,20,0,0,0,160,158,0,100.0
262,1024,2025-03,21,18,2,1,1,168,146,1,85.71
263,1024,2025-04,22,17,2,3,3,176,139,1,77.27
264,1024,2025-05,22,21,0,1,0,176,170,6,95.45
265,1024,2025-06,21,21,0,0,2,168,170,0,100.0
266,1024,2025-07,23,22,1,0,2,184,173,0,95.65
267,1024,2025-08,21,21,0,0,1,168,165,0,100.0
268,1024,2025-09,22,21,1,0,2,176,178,9,95.45
269,1024,2025-10,23,23,0,0,2,184,184,0,100.0
270,1024,2025-11,20,20,0,0,0,160,156,0,100.0
271,1024,2025-12,23,23,0,0,0,184,185,0,100.0
272,1025,2025-01,23,23,0,0,1,184,185,0,100.0
273,1025,2025-02,20,19,1,0,0,160,152,0,95.0
274,1025,2025-03,21,21,0,0,1,168,170,0,100.0
275,1025,2025-04,22,22,0,0,1,176,178,0,100.0
276,1025,2025-05,22,21,0,1,0,176,168,0,95.45
277,1025,2025-06,21,20,0,1,1,168,159,0,95.24
278,1025,2025-07,23,22,1,0,1,184,177,0,95.65
279,1025,2025-08,21,21,0,0,1,168,168,1,100.0
280,1025,2025-09,22,21,1,0,2,176,170,0,95.45
281,1025,2025-10,23,22,1,0,0,184,173,0,95.65
282,1025,2025-11,20,20,0,0,0,160,166,4,100.0
283,1025,2025-12,23,23,0,0,2,184,186,0,100.0
284,1026,2025-01,23,20,3,0,1,184,161,0,86.96
285,1026,2025-02,20,20,0,0,2,160,156,0,100.0
286,1026,2025-03,21,16,4,1,3,168,127,0,76.19
287,1026,2025-04,22,22,0,0,0,176,182,8,100.0
288,1026,2025-05,22,21,1,0,0,176,164,0,95.45
289,1026,2025-06,21,20,0,1,1,168,159,0,95.24
290,1026,2025-07,23,22,0,1,0,184,178,0,95.65
291,1026,2025-08,21,21,0,0,1,168,164,0,100.0
292,1026,2025-09,22,21,1,0,1,176,169,4,95.45
293,1026,2025-10,23,22,0,1,1,184,178,0,95.65
294,1026,2025-11,20,20,0,0,2,160,156,0,100.0
295,1026,2025-12,23,22,1,0,0,184,182,10,95.65
296,1027,2025-01,23,23,0,0,2,184,187,4,100.0
297,1027,2025-02,20,18,1,1,2,160,142,0,90.0
298,1027,2025-03,21,21,0,0,2,168,171,4,100.0
299,1027,2025-04,22,22,0,0,2,176,175,0,100.0
300,1027,2025-05,22,22,0,0,1,176,175,0,100.0
301,1027,2025-06,21,19,2,0,3,168,151,0,90.48
302,1027,2025-07,23,23,0,0,0,184,182,0,100.0
303,1027,2025-08,21,21,0,0,1,168,170,4,100.0
304,1027,2025-09,22,20,0,2,3,176,158,0,90.91
305,1027,2025-10,23,22,1,0,0,184,177,0,95.65
306,1027,2025-11,20,19,1,0,2,160,154,0,95.0
307,1027,2025-12,23,22,0,1,0,184,172,0,95.65
308,1028,2025-01,23,23,0,0,0,184,185,0,100.0
309,1028,2025-02,20,19,1,0,0,160,152,0,95.0
310,1028,2025-03,21,21,0,0,1,168,167,0,100.0
311,1028,2025-04,22,22,0,0,1,176,175,0,100.0
312,1028,2025-05,22,21,0,1,1,176,169,0,95.45
313,1028,2025-06,21,21,0,0,0,168,167,3,100.0
314,1028,2025-07,23,23,0,0,1,184,186,0,100.0
315,1028,2025-08,21,20,0,1,2,168,164,6,95.24
316,1028,2025-09,22,21,1,0,1,176,166,0,95.45
317,1028,2025-10,23,22,0,1,2,184,178,0,95.65
318,1028,2025-11,20,20,0,0,1,160,165,7,100.0
319,1028,2025-12,23,22,0,1,0,184,174,0,95.65
320,1029,2025-01,23,21,1,1,1,184,169,0,91.3
321,1029,2025-02,20,20,0,0,2,160,157,0,100.0
322,1029,2025-03,21,18,1,2,1,168,141,0,85.71
323,1029,2025-04,22,21,0,1,1,176,169,0,95.45
324,1029,2025-05,22,19,0,3,3,176,149,0,86.36
325,1029,2025-06,21,18,0,3,3,168,149,4,85.71
326,1029,2025-07,23,22,1,0,1,184,172,0,95.65
327,1029,2025-08,21,20,0,1,0,168,165,5,95.24
328,1029,2025-09,22,21,1,0,1,176,165,0,95.45
329,1029,2025-10,23,22,1,0,0,184,189,12,95.65
330,1029,2025-11,20,20,0,0,0,160,161,0,100.0
331,1029,2025-12,23,23,0,0,1,184,181,0,100.0
332,1030,2025-01,23,23,0,0,2,184,185,2,100.0
333,1030,2025-02,20,20,0,0,2,160,161,0,100.0
334,1030,2025-03,21,19,0,2,2,168,150,2,90.48
335,1030,2025-04,22,22,0,0,1,176,175,0,100.0
336,1030,2025-05,22,21,0,1,2,176,166,0,95.45
337,1030,2025-06,21,20,0,1,2,168,158,0,95.24
338,1030,2025-07,23,20,0,3,2,184,159,0,86.96
339,1030,2025-08,21,21,0,0,1,168,168,0,100.0
340,1030,2025-09,22,18,4,0,2,176,145,0,81.82
341,1030,2025-10,23,23,0,0,2,184,184,0,100.0
342,1030,2025-11,20,19,1,0,1,160,152,3,95.0
343,1030,2025-12,23,23,0,0,1,184,181,0,100.0
344,1031,2025-08,21,20,1,0,2,168,163,2,95.24
345,1031,2025-09,22,22,0,0,1,176,176,0,100.0
346,1031,2025-10,23,23,0,0,2,184,183,1,100.0
347,1031,2025-11,20,17,2,1,2,160,137,0,85.0
348,1031,2025-12,23,22,0,1,1,184,182,4,95.65
349,1032,2025-01,23,23,0,0,0,184,181,0,100.0
350,1032,2025-02,20,20,0,0,2,160,161,0,100.0
351,1032,2025-03,21,20,0,1,0,168,156,0,95.24
352,1032,2025-04,22,21,1,0,1,176,167,0,95.45
353,1032,2025-05,22,21,0,1,1,176,169,0,95.45
354,1032,2025-06,21,21,0,0,2,168,169,0,100.0
355,1032,2025-07,23,23,0,0,0,184,183,0,100.0
356,1032,2025-08,21,17,0,4,3,168,133,0,80.95
357,1032,2025-09,22,22,0,0,2,176,179,1,100.0
358,1032,2025-10,23,22,1,0,2,184,177,2,95.65
359,1032,2025-11,20,19,0,1,2,160,151,0,95.0
360,1032,2025-12,23,20,2,1,2,184,165,4,86.96
361,1033,2025-01,23,16,2,5,4,184,133,3,69.57
362,1033,2025-02,20,20,0,0,2,160,161,1,100.0
363,1033,2025-03,21,20,1,0,2,168,162,4,95.24
364,1033,2025-04,22,16,1,5,4,176,125,0,72.73
365,1033,2025-05,22,19,1,2,3,176,151,0,86.36
366,1033,2025-06,21,21,0,0,0,168,170,0,100.0
367,1033,2025-07,23,22,0,1,1,184,178,0,95.65
368,1033,2025-08,21,20,0,1,0,168,173,11,95.24
369,1033,2025-09,22,19,0,3,3,176,166,12,86.36
370,1033,2025-10,23,20,0,3,1,184,161,0,86.96
371,1033,2025-11,20,19,1,0,0,160,153,0,95.0
372,1033,2025-12,23,22,0,1,0,184,174,0,95.65
373,1034,2025-01,23,22,1,0,1,184,172,0,95.65
374,1034,2025-02,20,19,0,1,1,160,154,0,95.0
375,1034,2025-03,21,20,1,0,1,168,165,4,95.24
376,1034,2025-04,22,22,0,0,2,176,176,0,100.0
377,1034,2025-05,22,21,0,1,2,176,170,0,95.45
378,1034,2025-06,21,21,0,0,0,168,166,0,100.0
379,1034,2025-07,23,23,0,0,1,184,182,0,100.0
380,1034,2025-08,21,20,1,0,2,168,162,0,95.24
381,1034,2025-09,22,18,2,2,3,176,149,4,81.82
382,1034,2025-10,23,22,1,0,1,184,173,0,95.65
383,1034,2025-11,20,19,1,0,0,160,152,0,95.0
384,1034,2025-12,23,23,0,0,1,184,182,0,100.0
385,1035,2025-01,23,19,4,0,3,184,148,0,82.61
386,1035,2025-02,20,19,1,0,0,160,149,0,95.0
387,1035,2025-03,21,20,1,0,1,168,160,0,95.24
388,1035,2025-04,22,22,0,0,1,176,176,1,100.0
389,1035,2025-05,22,22,0,0,0,176,175,0,100.0
390,1035,2025-06,21,21,0,0,1,168,168,0,100.0
391,1035,2025-07,23,16,2,5,3,184,129,3,69.57
392,1035,2025-08,21,16,5,0,4,168,126,0,76.19
393,1035,2025-09,22,22,0,0,2,176,184,7,100.0
394,1035,2025-10,23,20,3,0,1,184,161,0,86.96
395,1035,2025-11,20,17,1,2,1,160,134,0,85.0
396,1035,2025-12,23,19,1,3,3,184,150,0,82.61
397,1036,2025-01,23,22,1,0,1,184,172,0,95.65
398,1036,2025-02,20,20,0,0,0,160,162,0,100.0
399,1036,2025-03,21,20,1,0,1,168,161,3,95.24
400,1036,2025-04,22,22,0,0,0,176,173,0,100.0
401,1036,2025-05,22,19,0,3,1,176,153,0,86.36
402,1036,2025-06,21,20,1,0,1,168,162,0,95.24
403,1036,2025-07,23,22,1,0,0,184,173,0,95.65
404,1036,2025-08,21,21,0,0,0,168,169,0,100.0
405,1036,2025-09,22,18,4,0,4,176,146,0,81.82
406,1036,2025-10,23,22,1,0,1,184,172,0,95.65
407,1036,2025-11,20,17,0,3,1,160,137,0,85.0
408,1036,2025-12,23,23,0,0,1,184,180,0,100.0
409,1037,2025-01,23,21,2,0,2,184,164,0,91.3
410,1037,2025-02,20,19,1,0,2,160,152,3,95.0
411,1037,2025-03,21,21,0,0,2,168,170,0,100.0
412,1037,2025-04,22,20,0,2,3,176,161,0,90.91
413,1037,2025-05,22,22,0,0,0,176,178,2,100.0
414,1037,2025-06,21,18,1,2,2,168,155,10,85.71
415,1037,2025-07,23,23,0,0,2,184,184,0,100.0
416,1037,2025-08,21,21,0,0,0,168,168,0,100.0
417,1037,2025-09,22,21,0,1,0,176,165,1,95.45
418,1037,2025-10,23,23,0,0,2,184,180,0,100.0
419,1037,2025-11,20,18,1,1,1,160,146,2,90.0
420,1037,2025-12,23,20,0,3,3,184,156,0,86.96
421,1038,2025-01,23,21,1,1,1,184,175,6,91.3
422,1038,2025-02,20,17,1,2,1,160,140,2,85.0
423,1038,2025-03,21,20,0,1,1,168,161,0,95.24
424,1038,2025-04,22,15,5,2,2,176,124,6,68.18
425,1038,2025-05,22,21,1,0,2,176,164,0,95.45
426,1038,2025-06,21,20,0,1,2,168,163,2,95.24
427,1038,2025-07,23,22,1,0,1,184,175,0,95.65
428,1038,2025-08,21,20,0,1,2,168,158,0,95.24
429,1038,2025-09,22,20,0,2,2,176,161,0,90.91
430,1038,2025-10,23,22,1,0,0,184,174,0,95.65
431,1038,2025-11,20,20,0,0,2,160,166,4,100.0
432,1038,2025-12,23,18,5,0,5,184,146,0,78.26
433,1039,2025-01,23,22,1,0,1,184,175,0,95.65
434,1039,2025-02,20,20,0,0,0,160,161,0,100.0
435,1039,2025-03,21,20,0,1,2,168,159,0,95.24
436,1039,2025-04,22,21,1,0,2,176,170,0,95.45
437,1039,2025-05,22,22,0,0,0,176,178,0,100.0
438,1039,2025-06,21,18,2,1,3,168,142,0,85.71
439,1039,2025-07,23,22,1,0,0,184,178,0,95.65
440,1039,2025-08,21,20,0,1,2,168,156,0,95.24
441,1039,2025-09,22,22,0,0,0,176,175,1,100.0
442,1039,2025-10,23,21,2,0,1,184,173,4,91.3
443,1039,2025-11,20,19,1,0,1,160,151,0,95.0
444,1039,2025-12,23,23,0,0,2,184,185,0,100.0
445,1040,2025-01,23,22,0,1,0,184,179,3,95.65
446,1040,2025-02,20,20,0,0,1,160,157,0,100.0
447,1040,2025-03,21,21,0,0,1,168,169,0,100.0
448,1040,2025-04,22,22,0,0,2,176,172,0,100.0
449,1040,2025-05,22,16,2,4,3,176,125,0,72.73
450,1040,2025-06,21,20,1,0,2,168,166,4,95.24
451,1040,2025-07,23,21,2,0,1,184,164,0,91.3
452,1040,2025-08,21,21,0,0,0,168,170,4,100.0
453,1040,2025-09,22,20,2,0,1,176,162,0,90.91
454,1040,2025-10,23,20,2,1,2,184,159,0,86.96
455,1040,2025-11,20,16,0,4,4,160,126,0,80.0
456,1040,2025-12,23,20,3,0,3,184,160,3,86.96
457,1041,2025-01,23,22,1,0,1,184,174,0,95.65
458,1041,2025-02,20,16,1,3,5,160,142,12,80.0
459,1041,2025-03,21,21,0,0,1,168,182,12,100.0
460,1041,2025-04,22,19,2,1,3,176,153,0,86.36
461,1041,2025-05,22,20,2,0,1,176,157,0,90.91
462,1041,2025-06,21,18,1,2,3,168,140,0,85.71
463,1041,2025-07,23,22,1,0,1,184,175,3,95.65
464,1041,2025-08,21,20,0,1,0,168,162,0,95.24
465,1041,2025-09,22,21,0,1,1,176,173,3,95.45
466,1041,2025-10,23,23,0,0,2,184,196,10,100.0
467,1041,2025-11,20,20,0,0,1,160,156,0,100.0
468,1041,2025-12,23,22,0,1,1,184,178,2,95.65
469,1042,2025-01,23,22,1,0,0,184,178,0,95.65
470,1042,2025-02,20,19,0,1,0,160,155,2,95.0
471,1042,2025-03,21,20,0,1,0,168,157,0,95.24
472,1042,2025-04,22,21,1,0,0,176,166,0,95.45
473,1042,2025-05,22,22,0,0,2,176,177,1,100.0
474,1042,2025-06,21,20,0,1,2,168,156,0,95.24
475,1042,2025-07,23,22,0,1,0,184,172,0,95.65
476,1042,2025-08,21,18,2,1,2,168,156,12,85.71
477,1042,2025-09,22,22,0,0,0,176,177,0,100.0
478,1042,2025-10,23,22,1,0,1,184,173,1,95.65
479,1042,2025-11,20,20,0,0,0,160,160,0,100.0
480,1042,2025-12,23,23,0,0,1,184,181,0,100.0
481,1043,2025-01,23,20,3,0,2,184,158,0,86.96
482,1043,2025-02,20,19,0,1,2,160,149,0,95.0
483,1043,2025-03,21,20,0,1,2,168,164,2,95.24
484,1043,2025-04,22,19,3,0,2,176,149,0,86.36
485,1043,2025-05,22,19,2,1,1,176,150,0,86.36
486,1043,2025-06,21,20,1,0,2,168,159,0,95.24
487,1043,2025-07,23,22,0,1,2,184,176,0,95.65
488,1043,2025-08,21,21,0,0,0,168,168,0,100.0
489,1043,2025-09,22,21,0,1,1,176,166,0,95.45
490,1043,2025-10,23,23,0,0,1,184,184,0,100.0
491,1043,2025-11,20,18,2,0,2,160,140,0,90.0
492,1043,2025-12,23,22,0,1,0,184,177,0,95.65
493,1044,2025-01,23,22,1,0,2,184,177,0,95.65
494,1044,2025-02,20,19,0,1,1,160,153,0,95.0
495,1044,2025-03,21,20,1,0,0,168,156,0,95.24
496,1044,2025-04,22,16,4,2,2,176,125,0,72.73
497,1044,2025-05,22,19,0,3,3,176,157,7,86.36
498,1044,2025-06,21,14,1,6,5,168,110,0,66.67
499,1044,2025-07,23,22,0,1,1,184,174,0,95.65
500,1044,2025-08,21,14,1,6,4,168,110,0,66.67
501,1044,2025-09,22,21,1,0,0,176,168,0,95.45
502,1044,2025-10,23,23,0,0,1,184,182,1,100.0
503,1044,2025-11,20,20,0,0,1,160,157,0,100.0
504,1044,2025-12,23,23,0,0,1,184,189,9,100.0
505,1045,2025-09,22,21,1,0,0,176,167,0,95.45
506,1045,2025-10,23,23,0,0,2,184,183,0,100.0
507,1045,2025-11,20,16,4,0,2,160,125,0,80.0
508,1045,2025-12,23,23,0,0,2,184,184,0,100.0
509,1046,2025-01,23,22,0,1,1,184,176,0,95.65
510,1046,2025-02,20,20,0,0,2,160,157,0,100.0
511,1046,2025-03,21,16,5,0,5,168,125,0,76.19
512,1046,2025-04,22,20,1,1,2,176,161,0,90.91
513,1046,2025-05,22,21,0,1,1,176,167,0,95.45
514,1046,2025-06,21,21,0,0,0,168,167,0,100.0
515,1046,2025-07,23,18,3,2,3,184,141,0,78.26
516,1046,2025-08,21,21,0,0,2,168,167,3,100.0
517,1046,2025-09,22,22,0,0,1,176,177,0,100.0
518,1046,2025-10,23,21,0,2,1,184,167,0,91.3
519,1046,2025-11,20,20,0,0,2,160,162,0,100.0
520,1046,2025-12,23,23,0,0,1,184,183,1,100.0
521,1047,2025-01,23,22,1,0,2,184,176,0,95.65
522,1047,2025-02,20,15,2,3,2,160,122,3,75.0
523,1047,2025-03,21,20,1,0,0,168,156,0,95.24
524,1047,2025-04,22,22,0,0,2,176,178,4,100.0
525,1047,2025-05,22,21,0,1,0,176,165,0,95.45
526,1047,2025-06,21,21,0,0,0,168,168,0,100.0
527,1047,2025-07,23,21,2,0,3,184,165,0,91.3
528,1047,2025-08,21,19,1,1,2,168,150,0,90.48
529,1047,2025-09,22,19,0,3,1,176,161,11,86.36
530,1047,2025-10,23,22,1,0,0,184,172,0,95.65
531,1047,2025-11,20,19,0,1,2,160,151,0,95.0
532,1047,2025-12,23,22,0,1,1,184,172,0,95.65
533,1048,2025-01,23,23,0,0,0,184,181,0,100.0
534,1048,2025-02,20,18,0,2,1,160,142,1,90.0
535,1048,2025-03,21,17,1,3,3,168,134,0,80.95
536,1048,2025-04,22,22,0,0,0,176,173,0,100.0
537,1048,2025-05,22,22,0,0,1,176,176,3,100.0
538,1048,2025-06,21,20,0,1,1,168,159,0,95.24
539,1048,2025-07,23,22,0,1,0,184,177,0,95.65
540,1048,2025-08,21,16,2,3,5,168,128,2,76.19
541,1048,2025-09,22,22,0,0,2,176,174,0,100.0
542,1048,2025-10,23,22,1,0,0,184,175,0,95.65
543,1048,2025-11,20,19,0,1,0,160,148,0,95.0
544,1048,2025-12,23,21,2,0,1,184,169,0,91.3
545,1049,2025-05,22,17,0,5,2,176,136,0,77.27
546,1049,2025-06,21,21,0,0,1,168,166,0,100.0
547,1049,2025-07,23,17,1,5,4,184,148,10,73.91
548,1049,2025-08,21,20,0,1,2,168,161,0,95.24
549,1049,2025-09,22,21,0,1,1,176,172,8,95.45
550,1049,2025-10,23,22,1,0,2,184,175,1,95.65
551,1049,2025-11,20,20,0,0,0,160,160,0,100.0
552,1049,2025-12,23,21,2,0,3,184,167,0,91.3
553,1050,2025-12,23,18,1,4,3,184,148,3,78.26
554,1051,2025-01,23,22,1,0,0,184,174,0,95.65
555,1051,2025-02,20,20,0,0,2,160,163,6,100.0
556,1051,2025-03,21,20,1,0,1,168,160,0,95.24
557,1051,2025-04,22,22,0,0,1,176,188,10,100.0
558,1051,2025-05,22,21,1,0,1,176,166,1,95.45
559,1051,2025-06,21,20,1,0,1,168,164,3,95.24
560,1051,2025-07,23,21,2,0,2,184,176,7,91.3
561,1051,2025-08,21,18,1,2,2,168,140,0,85.71
562,1051,2025-09,22,19,1,2,1,176,152,1,86.36
563,1051,2025-10,23,23,0,0,2,184,186,1,100.0
564,1051,2025-11,20,20,0,0,0,160,162,4,100.0
565,1051,2025-12,23,18,3,2,3,184,142,0,78.26
566,1052,2025-01,23,22,0,1,0,184,182,7,95.65
567,1052,2025-02,20,17,2,1,2,160,136,0,85.0
568,1052,2025-03,21,20,1,0,2,168,158,0,95.24
569,1052,2025-04,22,21,1,0,2,176,169,0,95.45
570,1052,2025-05,22,22,0,0,0,176,173,0,100.0
571,1052,2025-06,21,14,6,1,4,168,113,0,66.67
572,1052,2025-07,23,22,1,0,2,184,173,0,95.65
573,1052,2025-08,21,15,0,6,5,168,122,0,71.43
574,1052,2025-09,22,22,0,0,2,176,172,0,100.0
575,1052,2025-10,23,22,0,1,1,184,175,0,95.65
576,1052,2025-11,20,19,0,1,1,160,148,0,95.0
577,1052,2025-12,23,23,0,0,2,184,186,0,100.0
578,1053,2025-01,23,23,0,0,0,184,187,2,100.0
579,1053,2025-02,20,20,0,0,1,160,158,0,100.0
580,1053,2025-03,21,21,0,0,1,168,170,0,100.0
581,1053,2025-04,22,21,0,1,1,176,179,9,95.45
582,1053,2025-05,22,22,0,0,1,176,178,0,100.0
583,1053,2025-06,21,20,1,0,2,168,160,4,95.24
584,1053,2025-07,23,19,3,1,3,184,156,4,82.61
585,1053,2025-08,21,21,0,0,1,168,169,0,100.0
586,1053,2025-09,22,17,2,3,3,176,137,4,77.27
587,1053,2025-10,23,23,0,0,0,184,186,2,100.0
588,1053,2025-11,20,20,0,0,0,160,162,0,100.0
589,1053,2025-12,23,22,1,0,0,184,173,0,95.65
590,1054,2025-10,23,21,2,0,1,184,167,0,91.3
591,1054,2025-11,20,19,1,0,2,160,151,0,95.0
592,1054,2025-12,23,23,0,0,2,184,182,1,100.0
593,1055,2025-01,23,23,0,0,2,184,182,0,100.0
594,1055,2025-02,20,15,3,2,5,160,117,0,75.0
595,1055,2025-03,21,17,1,3,2,168,136,2,80.95
596,1055,2025-04,22,21,1,0,2,176,165,0,95.45
597,1055,2025-05,22,21,0,1,2,176,167,0,95.45
598,1055,2025-06,21,19,2,0,3,168,148,0,90.48
599,1055,2025-07,23,22,0,1,2,184,172,0,95.65
600,1055,2025-08,21,20,0,1,0,168,159,0,95.24
601,1055,2025-09,22,17,3,2,2,176,137,4,77.27
602,1055,2025-10,23,23,0,0,2,184,193,10,100.0
603,1055,2025-11,20,19,0,1,1,160,154,0,95.0
604,1055,2025-12,23,22,0,1,1,184,176,0,95.65
605,1056,2025-01,23,22,1,0,1,184,180,3,95.65
606,1056,2025-02,20,18,2,0,2,160,143,0,90.0
607,1056,2025-03,21,17,0,4,4,168,134,0,80.95
608,1056,2025-04,22,16,6,0,5,176,128,0,72.73
609,1056,2025-05,22,22,0,0,0,176,173,0,100.0
610,1056,2025-06,21,21,0,0,0,168,166,0,100.0
611,1056,2025-07,23,23,0,0,1,184,185,3,100.0
612,1056,2025-08,21,21,0,0,1,168,173,3,100.0
613,1056,2025-09,22,21,0,1,0,176,166,0,95.45
614,1056,2025-10,23,21,2,0,3,184,170,0,91.3
615,1056,2025-11,20,20,0,0,2,160,159,0,100.0
616,1056,2025-12,23,22,1,0,1,184,172,0,95.65
617,1057,2025-01,23,22,1,0,1,184,176,3,95.65
618,1057,2025-02,20,18,2,0,1,160,151,9,90.0
619,1057,2025-03,21,21,0,0,2,168,177,12,100.0
620,1057,2025-04,22,21,1,0,2,176,165,0,95.45
621,1057,2025-05,22,22,0,0,0,176,177,0,100.0
622,1057,2025-06,21,21,0,0,0,168,169,0,100.0
623,1057,2025-07,23,18,5,0,3,184,142,0,78.26
624,1057,2025-08,21,21,0,0,1,168,168,0,100.0
625,1057,2025-09,22,21,0,1,0,176,166,0,95.45
626,1057,2025-10,23,21,1,1,3,184,170,0,91.3
627,1057,2025-11,20,20,0,0,1,160,161,0,100.0
628,1057,2025-12,23,20,3,0,3,184,158,1,86.96
629,1058,2025-01,23,19,0,4,5,184,153,0,82.61
630,1058,2025-02,20,19,1,0,2,160,151,0,95.0
631,1058,2025-03,21,21,0,0,0,168,168,1,100.0
632,1058,2025-04,22,20,0,2,2,176,160,0,90.91
633,1058,2025-05,22,21,0,1,2,176,169,0,95.45
634,1058,2025-06,21,19,2,0,3,168,154,0,90.48
635,1058,2025-07,23,22,1,0,2,184,177,0,95.65
636,1058,2025-08,21,20,0,1,0,168,162,0,95.24
637,1058,2025-09,22,21,0,1,1,176,171,2,95.45
638,1058,2025-10,23,23,0,0,2,184,188,3,100.0
639,1058,2025-11,20,20,0,0,2,160,159,0,100.0
640,1058,2025-12,23,23,0,0,2,184,184,3,100.0
641,1059,2025-01,23,23,0,0,1,184,194,8,100.0
642,1059,2025-02,20,19,0,1,1,160,153,0,95.0
643,1059,2025-03,21,20,0,1,2,168,160,0,95.24
644,1059,2025-04,22,22,0,0,2,176,177,0,100.0
645,1059,2025-05,22,22,0,0,2,176,178,0,100.0
646,1059,2025-06,21,20,0,1,1,168,166,4,95.24
647,1059,2025-07,23,23,0,0,1,184,185,0,100.0
648,1059,2025-08,21,20,0,1,1,168,161,0,95.24
649,1059,2025-09,22,21,1,0,1,176,164,0,95.45
650,1059,2025-10,23,18,2,3,2,184,142,0,78.26
651,1059,2025-11,20,19,0,1,2,160,152,0,95.0
652,1059,2025-12,23,23,0,0,0,184,185,0,100.0
653,1060,2025-01,23,22,0,1,0,184,178,0,95.65
654,1060,2025-02,20,20,0,0,2,160,158,0,100.0
655,1060,2025-03,21,18,0,3,3,168,143,0,85.71
656,1060,2025-04,22,21,1,0,0,176,164,0,95.45
657,1060,2025-05,22,19,3,0,2,176,153,0,86.36
658,1060,2025-06,21,21,0,0,0,168,168,1,100.0
659,1060,2025-07,23,22,0,1,0,184,173,0,95.65
660,1060,2025-08,21,21,0,0,0,168,169,0,100.0
661,1060,2025-09,22,20,0,2,2,176,158,0,90.91
662,1060,2025-10,23,20,2,1,3,184,162,0,86.96
663,1060,2025-11,20,16,3,1,5,160,126,0,80.0
664,1060,2025-12,23,22,1,0,2,184,178,0,95.65
665,1061,2025-01,23,23,0,0,0,184,184,1,100.0
666,1061,2025-02,20,19,0,1,2,160,154,0,95.0
667,1061,2025-03,21,20,0,1,0,168,159,0,95.24
668,1061,2025-04,22,22,0,0,2,176,177,0,100.0
669,1061,2025-05,22,17,5,0,5,176,132,0,77.27
670,1061,2025-06,21,21,0,0,2,168,170,0,100.0
671,1061,2025-07,23,21,1,1,1,184,170,0,91.3
672,1061,2025-08,21,16,0,5,3,168,130,0,76.19
673,1061,2025-09,22,22,0,0,2,176,189,12,100.0
674,1061,2025-10,23,18,2,3,2,184,140,0,78.26
675,1061,2025-11,20,19,0,1,2,160,151,3,95.0
676,1061,2025-12,23,23,0,0,0,184,184,3,100.0
677,1062,2025-01,23,23,0,0,2,184,184,0,100.0
678,1062,2025-02,20,19,1,0,0,160,148,0,95.0
679,1062,2025-03,21,20,1,0,1,168,165,4,95.24
680,1062,2025-04,22,22,0,0,2,176,173,0,100.0
681,1062,2025-05,22,21,0,1,1,176,174,8,95.45
682,1062,2025-06,21,21,0,0,2,168,167,0,100.0
683,1062,2025-07,23,22,1,0,0,184,178,0,95.65
684,1062,2025-08,21,21,0,0,2,168,167,0,100.0
685,1062,2025-09,22,22,0,0,2,176,173,0,100.0
686,1062,2025-10,23,22,0,1,1,184,188,10,95.65
687,1062,2025-11,20,16,4,0,3,160,125,0,80.0
688,1062,2025-12,23,20,1,2,2,184,157,0,86.96
689,1063,2025-01,23,22,0,1,1,184,175,0,95.65
690,1063,2025-02,20,20,0,0,1,160,159,0,100.0
691,1063,2025-03,21,18,3,0,1,168,146,0,85.71
692,1063,2025-04,22,19,1,2,1,176,148,0,86.36
693,1063,2025-05,22,22,0,0,2,176,178,1,100.0
694,1063,2025-06,21,20,1,0,2,168,161,2,95.24
695,1063,2025-07,23,21,0,2,3,184,167,0,91.3
696,1063,2025-08,21,20,1,0,1,168,169,10,95.24
697,1063,2025-09,22,21,0,1,0,176,176,6,95.45
698,1063,2025-10,23,20,1,2,2,184,158,0,86.96
699,1063,2025-11,20,20,0,0,1,160,158,0,100.0
700,1063,2025-12,23,23,0,0,1,184,186,0,100.0
701,1064,2025-01,23,22,1,0,0,184,188,11,95.65
702,1064,2025-02,20,20,0,0,1,160,159,3,100.0
703,1064,2025-03,21,20,1,0,2,168,160,0,95.24
704,1064,2025-04,22,22,0,0,0,176,172,0,100.0
705,1064,2025-05,22,19,0,3,3,176,163,12,86.36
706,1064,2025-06,21,20,0,1,1,168,169,12,95.24
707,1064,2025-07,23,22,1,0,2,184,178,0,95.65
708,1064,2025-08,21,21,0,0,0,168,171,1,100.0
709,1064,2025-09,22,21,0,1,1,176,168,0,95.45
710,1064,2025-10,23,23,0,0,0,184,181,0,100.0
711,1064,2025-11,20,17,0,3,2,160,133,0,85.0
712,1064,2025-12,23,22,1,0,1,184,187,12,95.65
713,1065,2025-01,23,23,0,0,0,184,194,10,100.0
714,1065,2025-02,20,20,0,0,2,160,161,0,100.0
715,1065,2025-03,21,21,0,0,1,168,167,1,100.0
716,1065,2025-04,22,20,1,1,1,176,165,5,90.91
717,1065,2025-05,22,21,0,1,2,176,168,0,95.45
718,1065,2025-06,21,20,1,0,2,168,160,0,95.24
719,1065,2025-07,23,23,0,0,1,184,188,3,100.0
720,1065,2025-08,21,21,0,0,0,168,169,0,100.0
721,1065,2025-09,22,22,0,0,2,176,177,0,100.0
722,1065,2025-10,23,23,0,0,2,184,181,0,100.0
723,1065,2025-11,20,19,0,1,1,160,148,0,95.0
724,1065,2025-12,23,22,1,0,0,184,179,1,95.65
725,1066,2025-01,23,20,2,1,2,184,159,0,86.96
726,1066,2025-02,20,19,0,1,2,160,148,0,95.0
727,1066,2025-03,21,20,1,0,1,168,163,1,95.24
728,1066,2025-04,22,21,0,1,1,176,170,0,95.45
729,1066,2025-05,22,22,0,0,0,176,175,1,100.0
730,1066,2025-06,21,19,1,1,1,168,152,0,90.48
731,1066,2025-07,23,20,2,1,1,184,161,0,86.96
732,1066,2025-08,21,21,0,0,0,168,167,2,100.0
733,1066,2025-09,22,22,0,0,1,176,173,0,100.0
734,1066,2025-10,23,23,0,0,2,184,182,0,100.0
735,1066,2025-11,20,20,0,0,2,160,162,0,100.0
736,1066,2025-12,23,22,1,0,0,184,172,0,95.65
737,1067,2025-01,23,23,0,0,0,184,183,0,100.0
738,1067,2025-02,20,20,0,0,0,160,161,0,100.0
739,1067,2025-03,21,14,5,2,2,168,112,0,66.67
740,1067,2025-04,22,21,0,1,0,176,174,5,95.45
741,1067,2025-05,22,21,1,0,2,176,166,0,95.45
742,1067,2025-06,21,20,1,0,0,168,159,0,95.24
743,1067,2025-07,23,18,5,0,4,184,144,0,78.26
744,1067,2025-08,21,21,0,0,1,168,176,8,100.0
745,1067,2025-09,22,22,0,0,2,176,180,4,100.0
746,1067,2025-10,23,22,1,0,0,184,186,12,95.65
747,1067,2025-11,20,19,0,1,2,160,155,5,95.0
748,1067,2025-12,23,22,1,0,1,184,176,0,95.65
749,1068,2025-01,23,22,0,1,0,184,174,0,95.65
750,1068,2025-02,20,20,0,0,2,160,159,0,100.0
751,1068,2025-03,21,21,0,0,1,168,166,0,100.0
752,1068,2025-04,22,22,0,0,2,176,176,0,100.0
753,1068,2025-05,22,21,1,0,0,176,173,4,95.45
754,1068,2025-06,21,16,2,3,5,168,128,2,76.19
755,1068,2025-07,23,20,1,2,2,184,161,0,86.96
756,1068,2025-08,21,21,0,0,2,168,168,3,100.0
757,1068,2025-09,22,17,4,1,2,176,137,0,77.27
758,1068,2025-10,23,20,3,0,3,184,157,0,86.96
759,1068,2025-11,20,20,0,0,2,160,162,5,100.0
760,1068,2025-12,23,22,0,1,2,184,186,11,95.65
761,1069,2025-01,23,23,0,0,0,184,195,9,100.0
762,1069,2025-02,20,17,3,0,3,160,134,2,85.0
763,1069,2025-03,21,21,0,0,0,168,168,0,100.0
764,1069,2025-04,22,21,0,1,0,176,174,8,95.45
765,1069,2025-05,22,16,4,2,3,176,126,0,72.73
766,1069,2025-06,21,19,0,2,3,168,148,0,90.48
767,1069,2025-07,23,16,1,6,2,184,130,0,69.57
768,1069,2025-08,21,20,0,1,0,168,159,0,95.24
769,1069,2025-09,22,20,2,0,1,176,156,0,90.91
770,1069,2025-10,23,22,0,1,2,184,172,0,95.65
771,1069,2025-11,20,19,0,1,2,160,149,0,95.0
772,1069,2025-12,23,22,0,1,0,184,178,0,95.65
773,1070,2025-01,23,18,2,3,5,184,145,5,78.26
774,1070,2025-02,20,14,0,6,4,160,110,0,70.0
775,1070,2025-03,21,14,0,7,3,168,112,0,66.67
776,1070,2025-04,22,19,2,1,1,176,154,1,86.36
777,1070,2025-05,22,19,0,3,3,176,151,0,86.36
778,1070,2025-06,21,20,0,1,1,168,157,0,95.24
779,1070,2025-07,23,22,1,0,1,184,172,0,95.65
780,1070,2025-08,21,20,0,1,2,168,162,2,95.24
781,1070,2025-09,22,22,0,0,1,176,174,0,100.0
782,1070,2025-10,23,22,1,0,1,184,173,0,95.65
783,1070,2025-11,20,20,0,0,2,160,172,12,100.0
784,1070,2025-12,23,22,0,1,1,184,175,1,95.65
785,1071,2025-01,23,18,0,5,5,184,144,2,78.26
786,1071,2025-02,20,17,3,0,1,160,138,6,85.0
787,1071,2025-03,21,20,1,0,1,168,161,0,95.24
788,1071,2025-04,22,15,0,7,3,176,120,0,68.18
789,1071,2025-05,22,21,1,0,1,176,169,0,95.45
790,1071,2025-06,21,21,0,0,2,168,168,0,100.0
791,1071,2025-07,23,23,0,0,0,184,180,0,100.0
792,1071,2025-08,21,20,0,1,1,168,157,0,95.24
793,1071,2025-09,22,17,0,5,5,176,133,0,77.27
794,1071,2025-10,23,19,2,2,5,184,150,1,82.61
795,1071,2025-11,20,19,1,0,0,160,149,0,95.0
796,1071,2025-12,23,23,0,0,2,184,186,0,100.0
797,1072,2025-01,23,23,0,0,0,184,186,0,100.0
798,1072,2025-02,20,19,0,1,1,160,149,0,95.0
799,1072,2025-03,21,21,0,0,1,168,167,0,100.0
800,1072,2025-04,22,22,0,0,0,176,177,2,100.0
801,1072,2025-05,22,22,0,0,2,176,177,2,100.0
802,1072,2025-06,21,16,3,2,2,168,129,0,76.19
803,1072,2025-07,23,23,0,0,1,184,185,1,100.0
804,1072,2025-08,21,20,0,1,2,168,156,0,95.24
805,1072,2025-09,22,21,0,1,0,176,165,0,95.45
806,1072,2025-10,23,22,0,1,2,184,174,0,95.65
807,1072,2025-11,20,19,1,0,2,160,150,0,95.0
808,1072,2025-12,23,22,1,0,2,184,186,8,95.65
809,1073,2025-01,23,23,0,0,0,184,188,5,100.0
810,1073,2025-02,20,17,0,3,3,160,137,0,85.0
811,1073,2025-03,21,20,1,0,0,168,157,0,95.24
812,1073,2025-04,22,17,0,5,5,176,138,0,77.27
813,1073,2025-05,22,22,0,0,0,176,176,0,100.0
814,1073,2025-06,21,20,1,0,0,168,162,0,95.24
815,1073,2025-07,23,23,0,0,2,184,185,0,100.0
816,1073,2025-08,21,21,0,0,1,168,169,0,100.0
817,1073,2025-09,22,21,1,0,0,176,176,11,95.45
818,1073,2025-10,23,23,0,0,0,184,187,1,100.0
819,1073,2025-11,20,20,0,0,2,160,158,0,100.0
820,1073,2025-12,23,23,0,0,0,184,181,0,100.0
821,1074,2025-01,23,22,1,0,0,184,173,0,95.65
822,1074,2025-02,20,19,1,0,1,160,149,0,95.0
823,1074,2025-03,21,21,0,0,1,168,168,0,100.0
824,1074,2025-04,22,21,0,1,2,176,168,0,95.45
825,1074,2025-05,22,21,1,0,0,176,164,0,95.45
826,1074,2025-06,21,18,1,2,3,168,140,0,85.71
827,1074,2025-07,23,22,0,1,1,184,175,0,95.65
828,1074,2025-08,21,17,4,0,5,168,136,0,80.95
829,1074,2025-09,22,21,1,0,2,176,164,0,95.45
830,1074,2025-10,23,21,1,1,3,184,164,0,91.3
831,1074,2025-11,20,20,0,0,1,160,160,0,100.0
832,1074,2025-12,23,22,1,0,2,184,178,0,95.65
833,1075,2025-05,22,16,0,6,5,176,129,0,72.73
834,1075,2025-06,21,20,1,0,1,168,165,3,95.24
835,1075,2025-07,23,23,0,0,1,184,184,0,100.0
836,1075,2025-08,21,21,0,0,1,168,165,0,100.0
837,1075,2025-09,22,22,0,0,1,176,177,0,100.0
838,1075,2025-10,23,22,0,1,0,184,175,0,95.65
839,1075,2025-11,20,19,1,0,1,160,151,0,95.0
840,1075,2025-12,23,22,1,0,0,184,176,3,95.65
841,1076,2025-08,21,21,0,0,0,168,170,0,100.0
842,1076,2025-09,22,22,0,0,2,176,174,0,100.0
843,1076,2025-10,23,22,0,1,0,184,187,10,95.65
844,1076,2025-11,20,17,0,3,3,160,138,0,85.0
845,1076,2025-12,23,22,0,1,2,184,185,12,95.65
846,1077,2025-01,23,22,0,1,2,184,172,0,95.65
847,1077,2025-02,20,19,1,0,2,160,161,11,95.0
848,1077,2025-03,21,20,1,0,2,168,162,4,95.24
849,1077,2025-04,22,20,0,2,3,176,157,0,90.91
850,1077,2025-05,22,22,0,0,1,176,176,0,100.0
851,1077,2025-06,21,20,1,0,1,168,159,0,95.24
852,1077,2025-07,23,22,1,0,2,184,177,0,95.65
853,1077,2025-08,21,21,0,0,2,168,164,0,100.0
854,1077,2025-09,22,22,0,0,1,176,181,3,100.0
855,1077,2025-10,23,22,1,0,1,184,173,0,95.65
856,1077,2025-11,20,20,0,0,2,160,160,1,100.0
857,1077,2025-12,23,22,0,1,2,184,172,0,95.65
858,1078,2025-01,23,22,1,0,0,184,178,0,95.65
859,1078,2025-02,20,19,0,1,2,160,149,0,95.0
860,1078,2025-03,21,20,0,1,0,168,171,12,95.24
861,1078,2025-04,22,21,0,1,1,176,170,0,95.45
862,1078,2025-05,22,20,0,2,3,176,160,0,90.91
863,1078,2025-06,21,17,1,3,5,168,133,0,80.95
864,1078,2025-07,23,23,0,0,1,184,185,0,100.0
865,1078,2025-08,21,18,1,2,1,168,144,0,85.71
866,1078,2025-09,22,22,0,0,0,176,175,0,100.0
867,1078,2025-10,23,22,1,0,2,184,175,0,95.65
868,1078,2025-11,20,19,0,1,0,160,148,0,95.0
869,1078,2025-12,23,22,1,0,0,184,176,0,95.65
870,1079,2025-01,23,22,0,1,1,184,179,1,95.65
871,1079,2025-02,20,19,1,0,2,160,158,4,95.0
872,1079,2025-03,21,19,1,1,3,168,157,9,90.48
873,1079,2025-04,22,19,0,3,1,176,152,3,86.36
874,1079,2025-05,22,21,0,1,2,176,168,0,95.45
875,1079,2025-06,21,20,0,1,0,168,156,0,95.24
876,1079,2025-07,23,22,0,1,2,184,178,1,95.65
877,1079,2025-08,21,18,0,3,2,168,142,0,85.71
878,1079,2025-09,22,17,0,5,4,176,139,4,77.27
879,1079,2025-10,23,22,0,1,2,184,177,0,95.65
880,1079,2025-11,20,19,0,1,1,160,153,0,95.0
881,1079,2025-12,23,22,0,1,0,184,177,0,95.65
882,1080,2025-01,23,23,0,0,1,184,185,4,100.0
883,1080,2025-02,20,20,0,0,1,160,162,0,100.0
884,1080,2025-03,21,20,1,0,0,168,162,0,95.24
885,1080,2025-04,22,22,0,0,1,176,175,1,100.0
886,1080,2025-05,22,22,0,0,2,176,174,1,100.0
887,1080,2025-06,21,18,3,0,3,168,142,0,85.71
888,1080,2025-07,23,22,0,1,0,184,178,2,95.65
889,1080,2025-08,21,20,1,0,2,168,157,0,95.24
890,1080,2025-09,22,20,1,1,1,176,160,0,90.91
891,1080,2025-10,23,20,3,0,2,184,160,0,86.96
892,1080,2025-11,20,20,0,0,1,160,161,0,100.0
893,1080,2025-12,23,22,0,1,1,184,178,0,95.65
894,1081,2025-01,23,21,1,1,3,184,170,5,91.3
895,1081,2025-02,20,19,1,0,0,160,152,4,95.0
896,1081,2025-03,21,20,1,0,1,168,166,4,95.24
897,1081,2025-04,22,21,1,0,2,176,180,12,95.45
898,1081,2025-05,22,21,1,0,1,176,165,0,95.45
899,1081,2025-06,21,21,0,0,2,168,164,0,100.0
900,1081,2025-07,23,21,1,1,3,184,166,0,91.3
901,1081,2025-08,21,21,0,0,2,168,170,0,100.0
902,1081,2025-09,22,21,1,0,0,176,164,0,95.45
903,1081,2025-10,23,20,3,0,1,184,157,0,86.96
904,1081,2025-11,20,19,0,1,0,160,153,0,95.0
905,1081,2025-12,23,22,0,1,2,184,173,0,95.65
906,1082,2025-01,23,22,0,1,2,184,175,0,95.65
907,1082,2025-02,20,19,1,0,1,160,150,0,95.0
908,1082,2025-03,21,20,0,1,1,168,159,0,95.24
909,1082,2025-04,22,21,0,1,0,176,164,0,95.45
910,1082,2025-05,22,22,0,0,2,176,175,0,100.0
911,1082,2025-06,21,21,0,0,1,168,168,0,100.0
912,1082,2025-07,23,22,0,1,0,184,177,0,95.65
913,1082,2025-08,21,20,0,1,0,168,156,0,95.24
914,1082,2025-09,22,21,1,0,1,176,166,0,95.45
915,1082,2025-10,23,23,0,0,0,184,182,0,100.0
916,1082,2025-11,20,19,1,0,1,160,152,0,95.0
917,1082,2025-12,23,21,0,2,1,184,164,0,91.3
918,1083,2025-01,23,23,0,0,0,184,181,1,100.0
919,1083,2025-02,20,19,1,0,1,160,148,0,95.0
920,1083,2025-03,21,21,0,0,0,168,167,0,100.0
921,1083,2025-04,22,20,0,2,2,176,169,9,90.91
922,1083,2025-05,22,20,2,0,2,176,166,9,90.91
923,1083,2025-06,21,19,0,2,3,168,153,0,90.48
924,1083,2025-07,23,21,0,2,2,184,168,0,91.3
925,1083,2025-08,21,19,1,1,1,168,156,4,90.48
926,1083,2025-09,22,22,0,0,2,176,174,0,100.0
927,1083,2025-10,23,22,1,0,1,184,175,0,95.65
928,1083,2025-11,20,19,0,1,2,160,150,0,95.0
929,1083,2025-12,23,23,0,0,1,184,192,8,100.0
930,1084,2025-01,23,20,1,2,1,184,158,0,86.96
931,1084,2025-02,20,19,1,0,2,160,154,3,95.0
932,1084,2025-03,21,18,0,3,3,168,146,2,85.71
933,1084,2025-04,22,19,0,3,3,176,149,0,86.36
934,1084,2025-05,22,15,4,3,5,176,133,12,68.18
935,1084,2025-06,21,20,0,1,2,168,156,0,95.24
936,1084,2025-07,23,22,0,1,1,184,181,3,95.65
937,1084,2025-08,21,20,1,0,2,168,158,0,95.24
938,1084,2025-09,22,19,0,3,3,176,153,0,86.36
939,1084,2025-10,23,20,1,2,3,184,159,0,86.96
940,1084,2025-11,20,16,2,2,2,160,126,0,80.0
941,1084,2025-12,23,23,0,0,2,184,184,0,100.0
942,1085,2025-01,23,23,0,0,2,184,184,0,100.0
943,1085,2025-02,20,19,0,1,0,160,149,0,95.0
944,1085,2025-03,21,20,1,0,2,168,160,0,95.24
945,1085,2025-04,22,21,0,1,0,176,164,0,95.45
946,1085,2025-05,22,19,2,1,1,176,148,0,86.36
947,1085,2025-06,21,18,1,2,3,168,146,0,85.71
948,1085,2025-07,23,22,0,1,0,184,172,0,95.65
949,1085,2025-08,21,20,0,1,1,168,159,3,95.24
950,1085,2025-09,22,20,1,1,1,176,161,3,90.91
951,1085,2025-10,23,22,0,1,1,184,175,0,95.65
952,1085,2025-11,20,17,1,2,2,160,137,0,85.0
953,1085,2025-12,23,23,0,0,2,184,184,0,100.0
954,1086,2025-01,23,22,1,0,0,184,184,6,95.65
955,1086,2025-02,20,20,0,0,0,160,158,0,100.0
956,1086,2025-03,21,14,2,5,2,168,110,0,66.67
957,1086,2025-04,22,21,1,0,1,176,165,0,95.45
958,1086,2025-05,22,21,1,0,1,176,173,4,95.45
959,1086,2025-06,21,20,1,0,1,168,159,0,95.24
960,1086,2025-07,23,17,1,5,3,184,147,12,73.91
961,1086,2025-08,21,20,1,0,2,168,168,10,95.24
962,1086,2025-09,22,17,1,4,5,176,134,0,77.27
963,1086,2025-10,23,22,0,1,0,184,181,4,95.65
964,1086,2025-11,20,17,0,3,1,160,132,0,85.0
965,1086,2025-12,23,17,2,4,3,184,138,0,73.91
966,1087,2025-01,23,23,0,0,1,184,185,0,100.0
967,1087,2025-02,20,16,1,3,4,160,128,1,80.0
968,1087,2025-03,21,18,2,1,2,168,142,0,85.71
969,1087,2025-04,22,19,3,0,3,176,148,0,86.36
970,1087,2025-05,22,21,1,0,1,176,166,0,95.45
971,1087,2025-06,21,20,1,0,0,168,160,0,95.24
972,1087,2025-07,23,19,0,4,3,184,151,0,82.61
973,1087,2025-08,21,19,2,0,2,168,150,2,90.48
974,1087,2025-09,22,22,0,0,2,176,178,0,100.0
975,1087,2025-10,23,19,1,3,4,184,153,0,82.61
976,1087,2025-11,20,16,3,1,2,160,125,0,80.0
977,1087,2025-12,23,23,0,0,0,184,184,0,100.0
978,1088,2025-01,23,20,2,1,3,184,157,0,86.96
979,1088,2025-02,20,18,0,2,1,160,145,0,90.0
980,1088,2025-03,21,19,0,2,1,168,152,0,90.48
981,1088,2025-04,22,22,0,0,0,176,178,0,100.0
982,1088,2025-05,22,18,1,3,4,176,146,0,81.82
983,1088,2025-06,21,16,1,4,4,168,126,2,76.19
984,1088,2025-07,23,22,1,0,1,184,178,0,95.65
985,1088,2025-08,21,20,0,1,0,168,164,7,95.24
986,1088,2025-09,22,21,1,0,2,176,167,0,95.45
987,1088,2025-10,23,23,0,0,0,184,182,0,100.0
988,1088,2025-11,20,20,0,0,1,160,160,1,100.0
989,1088,2025-12,23,21,1,1,2,184,170,4,91.3
990,1089,2025-01,23,23,0,0,1,184,192,9,100.0
991,1089,2025-02,20,20,0,0,1,160,158,0,100.0
992,1089,2025-03,21,20,1,0,0,168,162,0,95.24
993,1089,2025-04,22,21,0,1,0,176,167,0,95.45
994,1089,2025-05,22,21,1,0,1,176,165,0,95.45
995,1089,2025-06,21,21,0,0,2,168,169,0,100.0
996,1089,2025-07,23,20,3,0,1,184,160,0,86.96
997,1089,2025-08,21,20,1,0,1,168,160,3,95.24
998,1089,2025-09,22,21,0,1,0,176,167,3,95.45
999,1089,2025-10,23,21,0,2,2,184,164,0,91.3
1000,1089,2025-11,20,19,1,0,1,160,150,0,95.0
1001,1089,2025-12,23,18,0,5,5,184,144,0,78.26
1002,1090,2025-01,23,21,0,2,2,184,169,0,91.3
1003,1090,2025-02,20,16,1,3,2,160,136,7,80.0
1004,1090,2025-03,21,19,1,1,2,168,152,0,90.48
1005,1090,2025-04,22,22,0,0,0,176,177,4,100.0
1006,1090,2025-05,22,22,0,0,2,176,172,0,100.0
1007,1090,2025-06,21,14,2,5,2,168,109,1,66.67
1008,1090,2025-07,23,18,5,0,2,184,157,12,78.26
1009,1090,2025-08,21,20,1,0,1,168,166,4,95.24
1010,1090,2025-09,22,21,0,1,0,176,171,1,95.45
1011,1090,2025-10,23,22,1,0,0,184,177,5,95.65
1012,1090,2025-11,20,20,0,0,0,160,156,0,100.0
1013,1090,2025-12,23,23,0,0,1,184,182,0,100.0
1014,1091,2025-07,23,22,1,0,0,184,176,1,95.65
1015,1091,2025-08,21,20,1,0,2,168,161,2,95.24
1016,1091,2025-09,22,19,1,2,3,176,155,1,86.36
1017,1091,2025-10,23,22,1,0,2,184,178,0,95.65
1018,1091,2025-11,20,19,1,0,0,160,150,0,95.0
1019,1091,2025-12,23,19,0,4,5,184,157,4,82.61
1020,1092,2025-01,23,22,0,1,1,184,172,0,95.65
1021,1092,2025-02,20,19,0,1,1,160,155,6,95.0
1022,1092,2025-03,21,20,0,1,1,168,158,0,95.24
1023,1092,2025-04,22,17,1,4,4,176,132,0,77.27
1024,1092,2025-05,22,22,0,0,2,176,181,7,100.0
1025,1092,2025-06,21,20,0,1,2,168,158,0,95.24
1026,1092,2025-07,23,22,0,1,1,184,172,0,95.65
1027,1092,2025-08,21,20,1,0,2,168,156,0,95.24
1028,1092,2025-09,22,16,3,3,2,176,133,5,72.73
1029,1092,2025-10,23,23,0,0,1,184,182,0,100.0
1030,1092,2025-11,20,19,0,1,2,160,152,0,95.0
1031,1092,2025-12,23,21,2,0,2,184,172,3,91.3
1032,1093,2025-01,23,17,4,2,3,184,136,0,73.91
1033,1093,2025-02,20,17,3,0,2,160,138,2,85.0
1034,1093,2025-03,21,21,0,0,1,168,165,0,100.0
1035,1093,2025-04,22,22,0,0,0,176,172,0,100.0
1036,1093,2025-05,22,22,0,0,1,176,175,0,100.0
1037,1093,2025-06,21,20,1,0,0,168,169,10,95.24
1038,1093,2025-07,23,21,1,1,3,184,166,0,91.3
1039,1093,2025-08,21,17,2,2,2,168,134,0,80.95
1040,1093,2025-09,22,21,0,1,1,176,174,10,95.45
1041,1093,2025-10,23,22,1,0,1,184,178,0,95.65
1042,1093,2025-11,20,19,1,0,0,160,153,4,95.0
1043,1093,2025-12,23,22,0,1,0,184,177,0,95.65
1044,1094,2025-01,23,22,0,1,2,184,184,8,95.65
1045,1094,2025-02,20,19,1,0,2,160,154,0,95.0
1046,1094,2025-03,21,18,1,2,1,168,145,0,85.71
1047,1094,2025-04,22,22,0,0,2,176,178,0,100.0
1048,1094,2025-05,22,19,2,1,1,176,150,0,86.36
1049,1094,2025-06,21,18,0,3,1,168,146,0,85.71
1050,1094,2025-07,23,21,0,2,2,184,166,1,91.3
1051,1094,2025-08,21,20,1,0,1,168,161,0,95.24
1052,1094,2025-09,22,21,1,0,1,176,166,0,95.45
1053,1094,2025-10,23,18,2,3,2,184,140,0,78.26
1054,1094,2025-11,20,19,1,0,1,160,152,0,95.0
1055,1094,2025-12,23,23,0,0,2,184,186,3,100.0
1056,1095,2025-01,23,22,1,0,0,184,182,7,95.65
1057,1095,2025-02,20,20,0,0,2,160,167,8,100.0
1058,1095,2025-03,21,21,0,0,1,168,164,0,100.0
1059,1095,2025-04,22,21,0,1,2,176,165,0,95.45
1060,1095,2025-05,22,18,1,3,2,176,143,2,81.82
1061,1095,2025-06,21,21,0,0,1,168,168,0,100.0
1062,1095,2025-07,23,23,0,0,1,184,198,12,100.0
1063,1095,2025-08,21,20,0,1,0,168,163,1,95.24
1064,1095,2025-09,22,21,0,1,1,176,172,3,95.45
1065,1095,2025-10,23,22,0,1,0,184,178,0,95.65
1066,1095,2025-11,20,20,0,0,0,160,170,12,100.0
1067,1095,2025-12,23,21,2,0,2,184,170,0,91.3
1068,1096,2025-01,23,21,0,2,3,184,168,0,91.3
1069,1096,2025-02,20,19,1,0,0,160,154,0,95.0
1070,1096,2025-03,21,19,0,2,1,168,149,0,90.48
1071,1096,2025-04,22,22,0,0,1,176,180,2,100.0
1072,1096,2025-05,22,21,0,1,2,176,170,0,95.45
1073,1096,2025-06,21,21,0,0,1,168,171,4,100.0
1074,1096,2025-07,23,23,0,0,0,184,189,9,100.0
1075,1096,2025-08,21,20,0,1,2,168,160,0,95.24
1076,1096,2025-09,22,19,0,3,3,176,154,2,86.36
1077,1096,2025-10,23,20,1,2,2,184,159,0,86.96
1078,1096,2025-11,20,20,0,0,1,160,157,1,100.0
1079,1096,2025-12,23,23,0,0,1,184,180,0,100.0
1080,1097,2025-01,23,22,1,0,0,184,177,0,95.65
1081,1097,2025-02,20,19,1,0,1,160,151,0,95.0
1082,1097,2025-03,21,21,0,0,1,168,166,0,100.0
1083,1097,2025-04,22,21,0,1,0,176,169,0,95.45
1084,1097,2025-05,22,20,1,1,1,176,160,0,90.91
1085,1097,2025-06,21,21,0,0,1,168,170,0,100.0
1086,1097,2025-07,23,23,0,0,2,184,185,3,100.0
1087,1097,2025-08,21,20,0,1,2,168,159,0,95.24
1088,1097,2025-09,22,22,0,0,2,176,180,2,100.0
1089,1097,2025-10,23,18,2,3,3,184,146,0,78.26
1090,1097,2025-11,20,20,0,0,2,160,161,0,100.0
1091,1097,2025-12,23,21,1,1,3,184,172,6,91.3
1092,1098,2025-01,23,23,0,0,2,184,181,0,100.0
1093,1098,2025-02,20,19,0,1,1,160,152,1,95.0
1094,1098,2025-03,21,20,0,1,0,168,159,0,95.24
1095,1098,2025-04,22,21,1,0,2,176,165,0,95.45
1096,1098,2025-05,22,20,1,1,3,176,161,0,90.91
1097,1098,2025-06,21,20,0,1,2,168,159,0,95.24
1098,1098,2025-07,23,22,1,0,1,184,174,0,95.65
1099,1098,2025-08,21,20,0,1,1,168,161,2,95.24
1100,1098,2025-09,22,16,0,6,5,176,130,0,72.73
1101,1098,2025-10,23,22,1,0,0,184,177,0,95.65
1102,1098,2025-11,20,15,5,0,5,160,121,0,75.0
1103,1098,2025-12,23,22,0,1,2,184,182,4,95.65
1104,1099,2025-03,21,20,1,0,2,168,162,0,95.24
1105,1099,2025-04,22,22,0,0,2,176,176,0,100.0
1106,1099,2025-05,22,17,4,1,4,176,137,2,77.27
1107,1099,2025-06,21,16,5,0,4,168,128,0,76.19
1108,1099,2025-07,23,22,0,1,0,184,178,4,95.65
1109,1099,2025-08,21,17,0,4,2,168,135,0,80.95
1110,1099,2025-09,22,21,1,0,1,176,168,0,95.45
1111,1099,2025-10,23,20,1,2,1,184,161,0,86.96
1112,1099,2025-11,20,20,0,0,0,160,165,4,100.0
1113,1099,2025-12,23,23,0,0,1,184,183,1,100.0
1114,1100,2025-01,23,22,1,0,2,184,172,0,95.65
1115,1100,2025-02,20,17,0,3,1,160,134,0,85.0
1116,1100,2025-03,21,20,1,0,1,168,160,0,95.24
1117,1100,2025-04,22,21,0,1,1,176,170,0,95.45
1118,1100,2025-05,22,21,0,1,1,176,170,0,95.45
1119,1100,2025-06,21,21,0,0,0,168,169,0,100.0
1120,1100,2025-07,23,22,0,1,2,184,179,4,95.65
1121,1100,2025-08,21,21,0,0,0,168,168,0,100.0
1122,1100,2025-09,22,21,1,0,0,176,167,0,95.45
1123,1100,2025-10,23,22,1,0,2,184,175,1,95.65
1124,1100,2025-11,20,20,0,0,1,160,161,2,100.0
1125,1100,2025-12,23,20,1,2,3,184,162,0,86.96
