salary_id,employee_id,month,basic_salary,hra,special_allowance,overtime_pay,gross_salary,tax_deduction,pf_deduction,leave_deduction,total_deductions,net_salary
1,1001,2025-01,55000,11000.0,8250.0,2500,76750.0,7675.0,6600.0,0.0,14275.0,62475.0
2,1001,2025-02,55000,11000.0,8250.0,2000,76250.0,7625.0,6600.0,0.0,14225.0,62025.0
3,1001,2025-03,55000,11000.0,8250.0,0,74250.0,7425.0,6600.0,0.0,14025.0,60225.0
4,1001,2025-04,55000,11000.0,8250.0,1500,75750.0,7575.0,6600.0,0.0,14175.0,61575.0
5,1001,2025-05,55000,11000.0,8250.0,2000,76250.0,7625.0,6600.0,5000.0,19225.0,57025.0
6,1001,2025-06,55000,11000.0,8250.0,0,74250.0,7425.0,6600.0,0.0,14025.0,60225.0
7,1001,2025-07,55000,11000.0,8250.0,0,74250.0,7425.0,6600.0,0.0,14025.0,60225.0
8,1001,2025-08,55000,11000.0,8250.0,0,74250.0,7425.0,6600.0,5238.1,19263.1,54986.9
9,1001,2025-09,55000,11000.0,8250.0,1500,75750.0,7575.0,6600.0,2500.0,16675.0,59075.0
10,1001,2025-10,55000,11000.0,8250.0,2000,76250.0,7625.0,6600.0,0.0,14225.0,62025.0
11,1001,2025-11,55000,11000.0,8250.0,500,74750.0,7475.0,6600.0,13750.0,27825.0,46925.0
12,1001,2025-12,55000,11000.0,8250.0,0,74250.0,7425.0,6600.0,0.0,14025.0,60225.0
13,1002,2025-01,60000,12000.0,9000.0,0,81000.0,8100.0,7200.0,0.0,15300.0,65700.0
14,1002,2025-02,60000,12000.0,9000.0,0,81000.0,8100.0,7200.0,3000.0,18300.0,62700.0
15,1002,2025-03,60000,12000.0,9000.0,0,81000.0,8100.0,7200.0,8571.43,23871.43,57128.57
16,1002,2025-04,60000,12000.0,9000.0,0,81000.0,8100.0,7200.0,0.0,15300.0,65700.0
17,1002,2025-05,60000,12000.0,9000.0,1000,82000.0,8200.0,7200.0,2727.27,18127.27,63872.73
18,1002,2025-06,60000,12000.0,9000.0,0,81000.0,8100.0,7200.0,2857.14,18157.14,62842.86
19,1002,2025-07,60000,12000.0,9000.0,1000,82000.0,8200.0,7200.0,2608.7,18008.7,63991.3
20,1002,2025-08,60000,12000.0,9000.0,500,81500.0,8150.0,7200.0,0.0,15350.0,66150.0
21,1002,2025-09,60000,12000.0,9000.0,2500,83500.0,8350.0,7200.0,0.0,15550.0,67950.0
22,1002,2025-10,60000,12000.0,9000.0,0,81000.0,8100.0,7200.0,2608.7,17908.7,63091.3
23,1002,2025-11,60000,12000.0,9000.0,0,81000.0,8100.0,7200.0,3000.0,18300.0,62700.0
24,1002,2025-12,60000,12000.0,9000.0,0,81000.0,8100.0,7200.0,2608.7,17908.7,63091.3
25,1003,2025-02,55000,11000.0,8250.0,0,74250.0,7425.0,6600.0,0.0,14025.0,60225.0
26,1003,2025-03,55000,11000.0,8250.0,0,74250.0,7425.0,6600.0,0.0,14025.0,60225.0
27,1003,2025-04,55000,11000.0,8250.0,0,74250.0,7425.0,6600.0,0.0,14025.0,60225.0
28,1003,2025-05,55000,11000.0,8250.0,0,74250.0,7425.0,6600.0,2500.0,16525.0,57725.0
29,1003,2025-06,55000,11000.0,8250.0,5500,79750.0,7975.0,6600.0,0.0,14575.0,65175.0
30,1003,2025-07,55000,11000.0,8250.0,0,74250.0,7425.0,6600.0,0.0,14025.0,60225.0
31,1003,2025-08,55000,11000.0,8250.0,0,74250.0,7425.0,6600.0,5238.1,19263.1,54986.9
32,1003,2025-09,55000,11000.0,8250.0,500,74750.0,7475.0,6600.0,7500.0,21575.0,53175.0
33,1003,2025-10,55000,11000.0,8250.0,1000,75250.0,7525.0,6600.0,0.0,14125.0,61125.0
34,1003,2025-11,55000,11000.0,8250.0,0,74250.0,7425.0,6600.0,0.0,14025.0,60225.0
35,1003,2025-12,55000,11000.0,8250.0,0,74250.0,7425.0,6600.0,7173.91,21198.91,53051.09
36,1004,2025-07,120000,24000.0,18000.0,0,162000.0,24300.0,14400.0,5217.39,43917.39,118082.61
37,1004,2025-08,120000,24000.0,18000.0,2000,164000.0,24600.0,14400.0,5714.29,44714.29,119285.71
38,1004,2025-09,120000,24000.0,18000.0,0,162000.0,24300.0,14400.0,0.0,38700.0,123300.0
39,1004,2025-10,120000,24000.0,18000.0,0,162000.0,24300.0,14400.0,0.0,38700.0,123300.0
40,1004,2025-11,120000,24000.0,18000.0,0,162000.0,24300.0,14400.0,6000.0,44700.0,117300.0
41,1004,2025-12,120000,24000.0,18000.0,3500,165500.0,24825.0,14400.0,5217.39,44442.39,121057.61
42,1005,2025-01,70000,14000.0,10500.0,1500,96000.0,9600.0,8400.0,3043.48,21043.48,74956.52
43,1005,2025-02,70000,14000.0,10500.0,500,95000.0,9500.0,8400.0,0.0,17900.0,77100.0
44,1005,2025-03,70000,14000.0,10500.0,1500,96000.0,9600.0,8400.0,3333.33,21333.33,74666.67
45,1005,2025-04,70000,14000.0,10500.0,0,94500.0,9450.0,8400.0,3181.82,21031.82,73468.18
46,1005,2025-05,70000,14000.0,10500.0,0,94500.0,9450.0,8400.0,3181.82,21031.82,73468.18
47,1005,2025-06,70000,14000.0,10500.0,0,94500.0,9450.0,8400.0,10000.0,27850.0,66650.0
48,1005,2025-07,70000,14000.0,10500.0,0,94500.0,9450.0,8400.0,3043.48,20893.48,73606.52
49,1005,2025-08,70000,14000.0,10500.0,0,94500.0,9450.0,8400.0,0.0,17850.0,76650.0
50,1005,2025-09,70000,14000.0,10500.0,3000,97500.0,9750.0,8400.0,6363.64,24513.64,72986.36
51,1005,2025-10,70000,14000.0,10500.0,5000,99500.0,9950.0,8400.0,3043.48,21393.48,78106.52
52,1005,2025-11,70000,14000.0,10500.0,0,94500.0,9450.0,8400.0,0.0,17850.0,76650.0
53,1005,2025-12,70000,14000.0,10500.0,1000,95500.0,9550.0,8400.0,0.0,17950.0,77550.0
54,1006,2025-01,70000,14000.0,10500.0,0,94500.0,9450.0,8400.0,0.0,17850.0,76650.0
55,1006,2025-02,70000,14000.0,10500.0,0,94500.0,9450.0,8400.0,3500.0,21350.0,73150.0
56,1006,2025-03,70000,14000.0,10500.0,0,94500.0,9450.0,8400.0,0.0,17850.0,76650.0
57,1006,2025-04,70000,14000.0,10500.0,0,94500.0,9450.0,8400.0,6363.64,24213.64,70286.36
58,1006,2025-05,70000,14000.0,10500.0,0,94500.0,9450.0,8400.0,0.0,17850.0,76650.0
59,1006,2025-06,70000,14000.0,10500.0,0,94500.0,9450.0,8400.0,10000.0,27850.0,66650.0
60,1006,2025-07,70000,14000.0,10500.0,0,94500.0,9450.0,8400.0,3043.48,20893.48,73606.52
61,1006,2025-08,70000,14000.0,10500.0,6000,100500.0,15075.0,8400.0,0.0,23475.0,77025.0
62,1006,2025-09,70000,14000.0,10500.0,1000,95500.0,9550.0,8400.0,0.0,17950.0,77550.0
63,1006,2025-10,70000,14000.0,10500.0,0,94500.0,9450.0,8400.0,6086.96,23936.96,70563.04
64,1006,2025-11,70000,14000.0,10500.0,5500,100000.0,10000.0,8400.0,3500.0,21900.0,78100.0
65,1006,2025-12,70000,14000.0,10500.0,0,94500.0,9450.0,8400.0,0.0,17850.0,76650.0
66,1007,2025-01,55000,11000.0,8250.0,1500,75750.0,7575.0,6600.0,2391.3,16566.3,59183.7
67,1007,2025-02,55000,11000.0,8250.0,1000,75250.0,7525.0,6600.0,0.0,14125.0,61125.0
68,1007,2025-03,55000,11000.0,8250.0,4500,78750.0,7875.0,6600.0,0.0,14475.0,64275.0
69,1007,2025-04,55000,11000.0,8250.0,0,74250.0,7425.0,6600.0,0.0,14025.0,60225.0
70,1007,2025-05,55000,11000.0,8250.0,1000,75250.0,7525.0,6600.0,0.0,14125.0,61125.0
71,1007,2025-06,55000,11000.0,8250.0,0,74250.0,7425.0,6600.0,0.0,14025.0,60225.0
72,1007,2025-07,55000,11000.0,8250.0,0,74250.0,7425.0,6600.0,0.0,14025.0,60225.0
73,1007,2025-08,55000,11000.0,8250.0,500,74750.0,7475.0,6600.0,0.0,14075.0,60675.0
74,1007,2025-09,55000,11000.0,8250.0,0,74250.0,7425.0,6600.0,5000.0,19025.0,55225.0
75,1007,2025-10,55000,11000.0,8250.0,500,74750.0,7475.0,6600.0,0.0,14075.0,60675.0
76,1007,2025-11,55000,11000.0,8250.0,0,74250.0,7425.0,6600.0,2750.0,16775.0,57475.0
77,1007,2025-12,55000,11000.0,8250.0,2000,76250.0,7625.0,6600.0,7173.91,21398.91,54851.09
78,1008,2025-01,70000,14000.0,10500.0,0,94500.0,9450.0,8400.0,0.0,17850.0,76650.0
79,1008,2025-02,70000,14000.0,10500.0,0,94500.0,9450.0,8400.0,0.0,17850.0,76650.0
80,1008,2025-03,70000,14000.0,10500.0,0,94500.0,9450.0,8400.0,0.0,17850.0,76650.0
81,1008,2025-04,70000,14000.0,10500.0,0,94500.0,9450.0,8400.0,0.0,17850.0,76650.0
82,1008,2025-05,70000,14000.0,10500.0,0,94500.0,9450.0,8400.0,0.0,17850.0,76650.0
83,1008,2025-06,70000,14000.0,10500.0,0,94500.0,9450.0,8400.0,6666.67,24516.67,69983.33
84,1008,2025-07,70000,14000.0,10500.0,0,94500.0,9450.0,8400.0,0.0,17850.0,76650.0
85,1008,2025-08,70000,14000.0,10500.0,0,94500.0,9450.0,8400.0,10000.0,27850.0,66650.0
86,1008,2025-09,70000,14000.0,10500.0,4000,98500.0,9850.0,8400.0,3181.82,21431.82,77068.18
87,1008,2025-10,70000,14000.0,10500.0,0,94500.0,9450.0,8400.0,0.0,17850.0,76650.0
88,1008,2025-11,70000,14000.0,10500.0,1500,96000.0,9600.0,8400.0,0.0,18000.0,78000.0
89,1008,2025-12,70000,14000.0,10500.0,0,94500.0,9450.0,8400.0,0.0,17850.0,76650.0
90,1009,2025-01,50000,10000.0,7500.0,0,67500.0,6750.0,6000.0,0.0,12750.0,54750.0
91,1009,2025-02,50000,10000.0,7500.0,0,67500.0,6750.0,6000.0,2500.0,15250.0,52250.0
92,1009,2025-03,50000,10000.0,7500.0,0,67500.0,6750.0,6000.0,2380.95,15130.95,52369.05
93,1009,2025-04,50000,10000.0,7500.0,2000,69500.0,6950.0,6000.0,6818.18,19768.18,49731.82
94,1009,2025-05,50000,10000.0,7500.0,0,67500.0,6750.0,6000.0,2272.73,15022.73,52477.27
95,1009,2025-06,50000,10000.0,7500.0,2500,70000.0,7000.0,6000.0,9523.81,22523.81,47476.19
96,1009,2025-07,50000,10000.0,7500.0,6000,73500.0,7350.0,6000.0,0.0,13350.0,60150.0
97,1009,2025-08,50000,10000.0,7500.0,4000,71500.0,7150.0,6000.0,0.0,13150.0,58350.0
98,1009,2025-09,50000,10000.0,7500.0,1500,69000.0,6900.0,6000.0,0.0,12900.0,56100.0
99,1009,2025-10,50000,10000.0,7500.0,1000,68500.0,6850.0,6000.0,2173.91,15023.91,53476.09
100,1009,2025-11,50000,10000.0,7500.0,6000,73500.0,7350.0,6000.0,0.0,13350.0,60150.0
101,1009,2025-12,50000,10000.0,7500.0,0,67500.0,6750.0,6000.0,4347.83,17097.83,50402.17
102,1010,2025-01,90000,18000.0,13500.0,1500,123000.0,18450.0,10800.0,0.0,29250.0,93750.0
103,1010,2025-02,90000,18000.0,13500.0,0,121500.0,18225.0,10800.0,0.0,29025.0,92475.0
104,1010,2025-03,90000,18000.0,13500.0,3500,125000.0,18750.0,10800.0,4285.71,33835.71,91164.29
105,1010,2025-04,90000,18000.0,13500.0,0,121500.0,18225.0,10800.0,4090.91,33115.91,88384.09
106,1010,2025-05,90000,18000.0,13500.0,2000,123500.0,18525.0,10800.0,4090.91,33415.91,90084.09
107,1010,2025-06,90000,18000.0,13500.0,6000,127500.0,19125.0,10800.0,0.0,29925.0,97575.0
108,1010,2025-07,90000,18000.0,13500.0,0,121500.0,18225.0,10800.0,3913.04,32938.04,88561.96
109,1010,2025-08,90000,18000.0,13500.0,0,121500.0,18225.0,10800.0,0.0,29025.0,92475.0
110,1010,2025-09,90000,18000.0,13500.0,0,121500.0,18225.0,10800.0,4090.91,33115.91,88384.09
111,1010,2025-10,90000,18000.0,13500.0,0,121500.0,18225.0,10800.0,7826.09,36851.09,84648.91
112,1010,2025-11,90000,18000.0,13500.0,0,121500.0,18225.0,10800.0,0.0,29025.0,92475.0
113,1010,2025-12,90000,18000.0,13500.0,0,121500.0,18225.0,10800.0,0.0,29025.0,92475.0
114,1011,2025-01,50000,10000.0,7500.0,0,67500.0,6750.0,6000.0,2173.91,14923.91,52576.09
115,1011,2025-02,50000,10000.0,7500.0,0,67500.0,6750.0,6000.0,5000.0,17750.0,49750.0
116,1011,2025-03,50000,10000.0,7500.0,0,67500.0,6750.0,6000.0,0.0,12750.0,54750.0
117,1011,2025-04,50000,10000.0,7500.0,1500,69000.0,6900.0,6000.0,0.0,12900.0,56100.0
118,1011,2025-05,50000,10000.0,7500.0,500,68000.0,6800.0,6000.0,6818.18,19618.18,48381.82
119,1011,2025-06,50000,10000.0,7500.0,0,67500.0,6750.0,6000.0,2380.95,15130.95,52369.05
120,1011,2025-07,50000,10000.0,7500.0,1500,69000.0,6900.0,6000.0,0.0,12900.0,56100.0
121,1011,2025-08,50000,10000.0,7500.0,500,68000.0,6800.0,6000.0,0.0,12800.0,55200.0
122,1011,2025-09,50000,10000.0,7500.0,0,67500.0,6750.0,6000.0,0.0,12750.0,54750.0
123,1011,2025-10,50000,10000.0,7500.0,0,67500.0,6750.0,6000.0,8695.65,21445.65,46054.35
124,1011,2025-11,50000,10000.0,7500.0,0,67500.0,6750.0,6000.0,0.0,12750.0,54750.0
125,1011,2025-12,50000,10000.0,7500.0,3000,70500.0,7050.0,6000.0,2173.91,15223.91,55276.09
126,1012,2025-01,60000,12000.0,9000.0,0,81000.0,8100.0,7200.0,2608.7,17908.7,63091.3
127,1012,2025-02,60000,12000.0,9000.0,1500,82500.0,8250.0,7200.0,0.0,15450.0,67050.0
128,1012,2025-03,60000,12000.0,9000.0,0,81000.0,8100.0,7200.0,0.0,15300.0,65700.0
129,1012,2025-04,60000,12000.0,9000.0,2000,83000.0,8300.0,7200.0,0.0,15500.0,67500.0
130,1012,2025-05,60000,12000.0,9000.0,2000,83000.0,8300.0,7200.0,2727.27,18227.27,64772.73
131,1012,2025-06,60000,12000.0,9000.0,0,81000.0,8100.0,7200.0,2857.14,18157.14,62842.86
132,1012,2025-07,60000,12000.0,9000.0,0,81000.0,8100.0,7200.0,0.0,15300.0,65700.0
133,1012,2025-08,60000,12000.0,9000.0,0,81000.0,8100.0,7200.0,0.0,15300.0,65700.0
134,1012,2025-09,60000,12000.0,9000.0,0,81000.0,8100.0,7200.0,0.0,15300.0,65700.0
135,1012,2025-10,60000,12000.0,9000.0,3500,84500.0,8450.0,7200.0,2608.7,18258.7,66241.3
136,1012,2025-11,60000,12000.0,9000.0,5000,86000.0,8600.0,7200.0,0.0,15800.0,70200.0
137,1012,2025-12,60000,12000.0,9000.0,0,81000.0,8100.0,7200.0,0.0,15300.0,65700.0
138,1013,2025-01,55000,11000.0,8250.0,500,74750.0,7475.0,6600.0,2391.3,16466.3,58283.7
139,1013,2025-02,55000,11000.0,8250.0,0,74250.0,7425.0,6600.0,5500.0,19525.0,54725.0
140,1013,2025-03,55000,11000.0,8250.0,0,74250.0,7425.0,6600.0,2619.05,16644.05,57605.95
141,1013,2025-04,55000,11000.0,8250.0,0,74250.0,7425.0,6600.0,0.0,14025.0,60225.0
142,1013,2025-05,55000,11000.0,8250.0,0,74250.0,7425.0,6600.0,7500.0,21525.0,52725.0
143,1013,2025-06,55000,11000.0,8250.0,0,74250.0,7425.0,6600.0,5238.1,19263.1,54986.9
144,1013,2025-07,55000,11000.0,8250.0,0,74250.0,7425.0,6600.0,2391.3,16416.3,57833.7
145,1013,2025-08,55000,11000.0,8250.0,0,74250.0,7425.0,6600.0,0.0,14025.0,60225.0
146,1013,2025-09,55000,11000.0,8250.0,0,74250.0,7425.0,6600.0,0.0,14025.0,60225.0
147,1013,2025-10,55000,11000.0,8250.0,4500,78750.0,7875.0,6600.0,2391.3,16866.3,61883.7
148,1013,2025-11,55000,11000.0,8250.0,0,74250.0,7425.0,6600.0,0.0,14025.0,60225.0
149,1013,2025-12,55000,11000.0,8250.0,0,74250.0,7425.0,6600.0,0.0,14025.0,60225.0
150,1014,2025-01,45000,9000.0,6750.0,0,60750.0,6075.0,5400.0,0.0,11475.0,49275.0
151,1014,2025-02,45000,9000.0,6750.0,0,60750.0,6075.0,5400.0,0.0,11475.0,49275.0
152,1014,2025-03,45000,9000.0,6750.0,0,60750.0,6075.0,5400.0,0.0,11475.0,49275.0
153,1014,2025-04,45000,9000.0,6750.0,0,60750.0,6075.0,5400.0,6136.36,17611.36,43138.64
154,1014,2025-05,45000,9000.0,6750.0,0,60750.0,6075.0,5400.0,0.0,11475.0,49275.0
155,1014,2025-06,45000,9000.0,6750.0,0,60750.0,6075.0,5400.0,2142.86,13617.86,47132.14
156,1014,2025-07,45000,9000.0,6750.0,5000,65750.0,6575.0,5400.0,0.0,11975.0,53775.0
157,1014,2025-08,45000,9000.0,6750.0,0,60750.0,6075.0,5400.0,6428.57,17903.57,42846.43
158,1014,2025-09,45000,9000.0,6750.0,0,60750.0,6075.0,5400.0,4090.91,15565.91,45184.09
159,1014,2025-10,45000,9000.0,6750.0,0,60750.0,6075.0,5400.0,1956.52,13431.52,47318.48
160,1014,2025-11,45000,9000.0,6750.0,3000,63750.0,6375.0,5400.0,6750.0,18525.0,45225.0
161,1014,2025-12,45000,9000.0,6750.0,0,60750.0,6075.0,5400.0,3913.04,15388.04,45361.96
162,1015,2025-01,50000,10000.0,7500.0,0,67500.0,6750.0,6000.0,0.0,12750.0,54750.0
163,1015,2025-02,50000,10000.0,7500.0,0,67500.0,6750.0,6000.0,5000.0,17750.0,49750.0
164,1015,2025-03,50000,10000.0,7500.0,0,67500.0,6750.0,6000.0,2380.95,15130.95,52369.05
165,1015,2025-04,50000,10000.0,7500.0,0,67500.0,6750.0,6000.0,11363.64,24113.64,43386.36
166,1015,2025-05,50000,10000.0,7500.0,0,67500.0,6750.0,6000.0,4545.45,17295.45,50204.55
167,1015,2025-06,50000,10000.0,7500.0,0,67500.0,6750.0,6000.0,4761.9,17511.9,49988.1
168,1015,2025-07,50000,10000.0,7500.0,0,67500.0,6750.0,6000.0,2173.91,14923.91,52576.09
169,1015,2025-08,50000,10000.0,7500.0,0,67500.0,6750.0,6000.0,0.0,12750.0,54750.0
170,1015,2025-09,50000,10000.0,7500.0,0,67500.0,6750.0,6000.0,0.0,12750.0,54750.0
171,1015,2025-10,50000,10000.0,7500.0,0,67500.0,6750.0,6000.0,4347.83,17097.83,50402.17
172,1015,2025-11,50000,10000.0,7500.0,0,67500.0,6750.0,6000.0,0.0,12750.0,54750.0
173,1015,2025-12,50000,10000.0,7500.0,0,67500.0,6750.0,6000.0,2173.91,14923.91,52576.09
174,1016,2025-01,65000,13000.0,9750.0,0,87750.0,8775.0,7800.0,5652.17,22227.17,65522.83
175,1016,2025-02,65000,13000.0,9750.0,0,87750.0,8775.0,7800.0,3250.0,19825.0,67925.0
176,1016,2025-03,65000,13000.0,9750.0,0,87750.0,8775.0,7800.0,6190.48,22765.48,64984.52
177,1016,2025-04,65000,13000.0,9750.0,0,87750.0,8775.0,7800.0,0.0,16575.0,71175.0
178,1016,2025-05,65000,13000.0,9750.0,500,88250.0,8825.0,7800.0,0.0,16625.0,71625.0
179,1016,2025-06,65000,13000.0,9750.0,0,87750.0,8775.0,7800.0,9285.71,25860.71,61889.29
180,1016,2025-07,65000,13000.0,9750.0,500,88250.0,8825.0,7800.0,0.0,16625.0,71625.0
181,1016,2025-08,65000,13000.0,9750.0,0,87750.0,8775.0,7800.0,3095.24,19670.24,68079.76
182,1016,2025-09,65000,13000.0,9750.0,0,87750.0,8775.0,7800.0,2954.55,19529.55,68220.45
183,1016,2025-10,65000,13000.0,9750.0,0,87750.0,8775.0,7800.0,2826.09,19401.09,68348.91
184,1016,2025-11,65000,13000.0,9750.0,4500,92250.0,9225.0,7800.0,6500.0,23525.0,68725.0
185,1016,2025-12,65000,13000.0,9750.0,0,87750.0,8775.0,7800.0,0.0,16575.0,71175.0
186,1017,2025-01,95000,19000.0,14250.0,1500,129750.0,19462.5,11400.0,12391.3,43253.8,86496.2
187,1017,2025-02,95000,19000.0,14250.0,6000,134250.0,20137.5,11400.0,23750.0,55287.5,78962.5
188,1017,2025-03,95000,19000.0,14250.0,0,128250.0,19237.5,11400.0,4523.81,35161.31,93088.69
189,1017,2025-04,95000,19000.0,14250.0,0,128250.0,19237.5,11400.0,8636.36,39273.86,88976.14
190,1017,2025-05,95000,19000.0,14250.0,0,128250.0,19237.5,11400.0,0.0,30637.5,97612.5
191,1017,2025-06,95000,19000.0,14250.0,0,128250.0,19237.5,11400.0,0.0,30637.5,97612.5
192,1017,2025-07,95000,19000.0,14250.0,2000,130250.0,19537.5,11400.0,4130.43,35067.93,95182.07
193,1017,2025-08,95000,19000.0,14250.0,0,128250.0,19237.5,11400.0,22619.05,53256.55,74993.45
194,1017,2025-09,95000,19000.0,14250.0,0,128250.0,19237.5,11400.0,17272.73,47910.23,80339.77
195,1017,2025-10,95000,19000.0,14250.0,0,128250.0,19237.5,11400.0,0.0,30637.5,97612.5
196,1017,2025-11,95000,19000.0,14250.0,6000,134250.0,20137.5,11400.0,0.0,31537.5,102712.5
197,1017,2025-12,95000,19000.0,14250.0,0,128250.0,19237.5,11400.0,0.0,30637.5,97612.5
198,1018,2025-01,95000,19000.0,14250.0,1500,129750.0,19462.5,11400.0,0.0,30862.5,98887.5
199,1018,2025-02,95000,19000.0,14250.0,500,128750.0,19312.5,11400.0,0.0,30712.5,98037.5
200,1018,2025-03,95000,19000.0,14250.0,0,128250.0,19237.5,11400.0,4523.81,35161.31,93088.69
201,1018,2025-04,95000,19000.0,14250.0,0,128250.0,19237.5,11400.0,8636.36,39273.86,88976.14
202,1018,2025-05,95000,19000.0,14250.0,0,128250.0,19237.5,11400.0,0.0,30637.5,97612.5
203,1018,2025-06,95000,19000.0,14250.0,4500,132750.0,19912.5,11400.0,0.0,31312.5,101437.5
204,1018,2025-07,95000,19000.0,14250.0,1000,129250.0,19387.5,11400.0,12391.3,43178.8,86071.2
205,1018,2025-08,95000,19000.0,14250.0,5000,133250.0,19987.5,11400.0,4523.81,35911.31,97338.69
206,1018,2025-09,95000,19000.0,14250.0,0,128250.0,19237.5,11400.0,4318.18,34955.68,93294.32
207,1018,2025-10,95000,19000.0,14250.0,1500,129750.0,19462.5,11400.0,24782.61,55645.11,74104.89
208,1018,2025-11,95000,19000.0,14250.0,0,128250.0,19237.5,11400.0,0.0,30637.5,97612.5
209,1018,2025-12,95000,19000.0,14250.0,0,128250.0,19237.5,11400.0,4130.43,34767.93,93482.07
210,1019,2025-01,95000,19000.0,14250.0,0,128250.0,19237.5,11400.0,0.0,30637.5,97612.5
211,1019,2025-02,95000,19000.0,14250.0,0,128250.0,19237.5,11400.0,0.0,30637.5,97612.5
212,1019,2025-03,95000,19000.0,14250.0,0,128250.0,19237.5,11400.0,0.0,30637.5,97612.5
213,1019,2025-04,95000,19000.0,14250.0,0,128250.0,19237.5,11400.0,8636.36,39273.86,88976.14
214,1019,2025-05,95000,19000.0,14250.0,500,128750.0,19312.5,11400.0,0.0,30712.5,98037.5
215,1019,2025-06,95000,19000.0,14250.0,0,128250.0,19237.5,11400.0,0.0,30637.5,97612.5
216,1019,2025-07,95000,19000.0,14250.0,0,128250.0,19237.5,11400.0,4130.43,34767.93,93482.07
217,1019,2025-08,95000,19000.0,14250.0,0,128250.0,19237.5,11400.0,9047.62,39685.12,88564.88
218,1019,2025-09,95000,19000.0,14250.0,4000,132250.0,19837.5,11400.0,0.0,31237.5,101012.5
219,1019,2025-10,95000,19000.0,14250.0,0,128250.0,19237.5,11400.0,4130.43,34767.93,93482.07
220,1019,2025-11,95000,19000.0,14250.0,0,128250.0,19237.5,11400.0,4750.0,35387.5,92862.5
221,1019,2025-12,95000,19000.0,14250.0,0,128250.0,19237.5,11400.0,8260.87,38898.37,89351.63
222,1020,2025-01,55000,11000.0,8250.0,0,74250.0,7425.0,6600.0,0.0,14025.0,60225.0
223,1020,2025-02,55000,11000.0,8250.0,0,74250.0,7425.0,6600.0,0.0,14025.0,60225.0
224,1020,2025-03,55000,11000.0,8250.0,0,74250.0,7425.0,6600.0,2619.05,16644.05,57605.95
225,1020,2025-04,55000,11000.0,8250.0,0,74250.0,7425.0,6600.0,2500.0,16525.0,57725.0
226,1020,2025-05,55000,11000.0,8250.0,0,74250.0,7425.0,6600.0,2500.0,16525.0,57725.0
227,1020,2025-06,55000,11000.0,8250.0,2000,76250.0,7625.0,6600.0,2619.05,16844.05,59405.95
228,1020,2025-07,55000,11000.0,8250.0,2000,76250.0,7625.0,6600.0,0.0,14225.0,62025.0
229,1020,2025-08,55000,11000.0,8250.0,0,74250.0,7425.0,6600.0,2619.05,16644.05,57605.95
230,1020,2025-09,55000,11000.0,8250.0,500,74750.0,7475.0,6600.0,0.0,14075.0,60675.0
231,1020,2025-10,55000,11000.0,8250.0,0,74250.0,7425.0,6600.0,0.0,14025.0,60225.0
232,1020,2025-11,55000,11000.0,8250.0,0,74250.0,7425.0,6600.0,0.0,14025.0,60225.0
233,1020,2025-12,55000,11000.0,8250.0,0,74250.0,7425.0,6600.0,0.0,14025.0,60225.0
234,1021,2025-01,70000,14000.0,10500.0,0,94500.0,9450.0,8400.0,3043.48,20893.48,73606.52
235,1021,2025-02,70000,14000.0,10500.0,0,94500.0,9450.0,8400.0,0.0,17850.0,76650.0
236,1021,2025-03,70000,14000.0,10500.0,500,95000.0,9500.0,8400.0,0.0,17900.0,77100.0
237,1021,2025-04,70000,14000.0,10500.0,0,94500.0,9450.0,8400.0,3181.82,21031.82,73468.18
238,1021,2025-05,70000,14000.0,10500.0,0,94500.0,9450.0,8400.0,3181.82,21031.82,73468.18
239,1021,2025-06,70000,14000.0,10500.0,1500,96000.0,9600.0,8400.0,0.0,18000.0,78000.0
240,1021,2025-07,70000,14000.0,10500.0,0,94500.0,9450.0,8400.0,0.0,17850.0,76650.0
241,1021,2025-08,70000,14000.0,10500.0,2500,97000.0,9700.0,8400.0,0.0,18100.0,78900.0
242,1021,2025-09,70000,14000.0,10500.0,0,94500.0,9450.0,8400.0,3181.82,21031.82,73468.18
243,1021,2025-10,70000,14000.0,10500.0,1500,96000.0,9600.0,8400.0,0.0,18000.0,78000.0
244,1021,2025-11,70000,14000.0,10500.0,500,95000.0,9500.0,8400.0,3500.0,21400.0,73600.0
245,1021,2025-12,70000,14000.0,10500.0,0,94500.0,9450.0,8400.0,15217.39,33067.39,61432.61
246,1022,2025-01,55000,11000.0,8250.0,0,74250.0,7425.0,6600.0,0.0,14025.0,60225.0
247,1022,2025-02,55000,11000.0,8250.0,0,74250.0,7425.0,6600.0,2750.0,16775.0,57475.0
248,1022,2025-03,55000,11000.0,8250.0,500,74750.0,7475.0,6600.0,0.0,14075.0,60675.0
249,1022,2025-04,55000,11000.0,8250.0,0,74250.0,7425.0,6600.0,0.0,14025.0,60225.0
250,1022,2025-05,55000,11000.0,8250.0,3500,77750.0,7775.0,6600.0,5000.0,19375.0,58375.0
251,1022,2025-06,55000,11000.0,8250.0,0,74250.0,7425.0,6600.0,2619.05,16644.05,57605.95
252,1022,2025-07,55000,11000.0,8250.0,0,74250.0,7425.0,6600.0,0.0,14025.0,60225.0
253,1022,2025-08,55000,11000.0,8250.0,1000,75250.0,7525.0,6600.0,2619.05,16744.05,58505.95
254,1022,2025-09,55000,11000.0,8250.0,2500,76750.0,7675.0,6600.0,0.0,14275.0,62475.0
255,1022,2025-10,55000,11000.0,8250.0,0,74250.0,7425.0,6600.0,0.0,14025.0,60225.0
256,1022,2025-11,55000,11000.0,8250.0,0,74250.0,7425.0,6600.0,0.0,14025.0,60225.0
257,1022,2025-12,55000,11000.0,8250.0,0,74250.0,7425.0,6600.0,2391.3,16416.3,57833.7
258,1023,2025-11,55000,11000.0,8250.0,0,74250.0,7425.0,6600.0,0.0,14025.0,60225.0
259,1023,2025-12,55000,11000.0,8250.0,5500,79750.0,7975.0,6600.0,0.0,14575.0,65175.0
260,1024,2025-01,55000,11000.0,8250.0,1000,75250.0,7525.0,6600.0,0.0,14125.0,61125.0
261,1024,2025-02,55000,11000.0,8250.0,0,74250.0,7425.0,6600.0,0.0,14025.0,60225.0
262,1024,2025-03,55000,11000.0,8250.0,500,74750.0,7475.0,6600.0,2619.05,16694.05,58055.95
263,1024,2025-04,55000,11000.0,8250.0,500,74750.0,7475.0,6600.0,7500.0,21575.0,53175.0
264,1024,2025-05,55000,11000.0,8250.0,3000,77250.0,7725.0,6600.0,2500.0,16825.0,60425.0
265,1024,2025-06,55000,11000.0,8250.0,0,74250.0,7425.0,6600.0,0.0,14025.0,60225.0
266,1024,2025-07,55000,11000.0,8250.0,0,74250.0,7425.0,6600.0,0.0,14025.0,60225.0
267,1024,2025-08,55000,11000.0,8250.0,0,74250.0,7425.0,6600.0,0.0,14025.0,60225.0
268,1024,2025-09,55000,11000.0,8250.0,4500,78750.0,7875.0,6600.0,0.0,14475.0,64275.0
269,1024,2025-10,55000,11000.0,8250.0,0,74250.0,7425.0,6600.0,0.0,14025.0,60225.0
270,1024,2025-11,55000,11000.0,8250.0,0,74250.0,7425.0,6600.0,0.0,14025.0,60225.0
271,1024,2025-12,55000,11000.0,8250.0,0,74250.0,7425.0,6600.0,0.0,14025.0,60225.0
272,1025,2025-01,70000,14000.0,10500.0,0,94500.0,9450.0,8400.0,0.0,17850.0,76650.0
273,1025,2025-02,70000,14000.0,10500.0,0,94500.0,9450.0,8400.0,0.0,17850.0,76650.0
274,1025,2025-03,70000,14000.0,10500.0,0,94500.0,9450.0,8400.0,0.0,17850.0,76650.0
275,1025,2025-04,70000,14000.0,10500.0,0,94500.0,9450.0,8400.0,0.0,17850.0,76650.0
276,1025,2025-05,70000,14000.0,10500.0,0,94500.0,9450.0,8400.0,3181.82,21031.82,73468.18
277,1025,2025-06,70000,14000.0,10500.0,0,94500.0,9450.0,8400.0,3333.33,21183.33,73316.67
278,1025,2025-07,70000,14000.0,10500.0,0,94500.0,9450.0,8400.0,0.0,17850.0,76650.0
279,1025,2025-08,70000,14000.0,10500.0,500,95000.0,9500.0,8400.0,0.0,17900.0,77100.0
280,1025,2025-09,70000,14000.0,10500.0,0,94500.0,9450.0,8400.0,0.0,17850.0,76650.0
281,1025,2025-10,70000,14000.0,10500.0,0,94500.0,9450.0,8400.0,0.0,17850.0,76650.0
282,1025,2025-11,70000,14000.0,10500.0,2000,96500.0,9650.0,8400.0,0.0,18050.0,78450.0
283,1025,2025-12,70000,14000.0,10500.0,0,94500.0,9450.0,8400.0,0.0,17850.0,76650.0
284,1026,2025-01,70000,14000.0,10500.0,0,94500.0,9450.0,8400.0,0.0,17850.0,76650.0
285,1026,2025-02,70000,14000.0,10500.0,0,94500.0,9450.0,8400.0,0.0,17850.0,76650.0
286,1026,2025-03,70000,14000.0,10500.0,0,94500.0,9450.0,8400.0,3333.33,21183.33,73316.67
287,1026,2025-04,70000,14000.0,10500.0,4000,98500.0,9850.0,8400.0,0.0,18250.0,80250.0
288,1026,2025-05,70000,14000.0,10500.0,0,94500.0,9450.0,8400.0,0.0,17850.0,76650.0
289,1026,2025-06,70000,14000.0,10500.0,0,94500.0,9450.0,8400.0,3333.33,21183.33,73316.67
290,1026,2025-07,70000,14000.0,10500.0,0,94500.0,9450.0,8400.0,3043.48,20893.48,73606.52
291,1026,2025-08,70000,14000.0,10500.0,0,94500.0,9450.0,8400.0,0.0,17850.0,76650.0
292,1026,2025-09,70000,14000.0,10500.0,2000,96500.0,9650.0,8400.0,0.0,18050.0,78450.0
293,1026,2025-10,70000,14000.0,10500.0,0,94500.0,9450.0,8400.0,3043.48,20893.48,73606.52
294,1026,2025-11,70000,14000.0,10500.0,0,94500.0,9450.0,8400.0,0.0,17850.0,76650.0
295,1026,2025-12,70000,14000.0,10500.0,5000,99500.0,9950.0,8400.0,0.0,18350.0,81150.0
296,1027,2025-01,110000,22000.0,16500.0,2000,150500.0,22575.0,13200.0,0.0,35775.0,114725.0
297,1027,2025-02,110000,22000.0,16500.0,0,148500.0,22275.0,13200.0,5500.0,40975.0,107525.0
298,1027,2025-03,110000,22000.0,16500.0,2000,150500.0,22575.0,13200.0,0.0,35775.0,114725.0
299,1027,2025-04,110000,22000.0,16500.0,0,148500.0,22275.0,13200.0,0.0,35475.0,113025.0
300,1027,2025-05,110000,22000.0,16500.0,0,148500.0,22275.0,13200.0,0.0,35475.0,113025.0
301,1027,2025-06,110000,22000.0,16500.0,0,148500.0,22275.0,13200.0,0.0,35475.0,113025.0
302,1027,2025-07,110000,22000.0,16500.0,0,148500.0,22275.0,13200.0,0.0,35475.0,113025.0
303,1027,2025-08,110000,22000.0,16500.0,2000,150500.0,22575.0,13200.0,0.0,35775.0,114725.0
304,1027,2025-09,110000,22000.0,16500.0,0,148500.0,22275.0,13200.0,10000.0,45475.0,103025.0
305,1027,2025-10,110000,22000.0,16500.0,0,148500.0,22275.0,13200.0,0.0,35475.0,113025.0
306,1027,2025-11,110000,22000.0,16500.0,0,148500.0,22275.0,13200.0,0.0,35475.0,113025.0
307,1027,2025-12,110000,22000.0,16500.0,0,148500.0,22275.0,13200.0,4782.61,40257.61,108242.39
308,1028,2025-01,150000,30000.0,22500.0,0,202500.0,30375.0,18000.0,0.0,48375.0,154125.0
309,1028,2025-02,150000,30000.0,22500.0,0,202500.0,30375.0,18000.0,0.0,48375.0,154125.0
310,1028,2025-03,150000,30000.0,22500.0,0,202500.0,30375.0,18000.0,0.0,48375.0,154125.0
311,1028,2025-04,150000,30000.0,22500.0,0,202500.0,30375.0,18000.0,0.0,48375.0,154125.0
312,1028,2025-05,150000,30000.0,22500.0,0,202500.0,30375.0,18000.0,6818.18,55193.18,147306.82
313,1028,2025-06,150000,30000.0,22500.0,1500,204000.0,30600.0,18000.0,0.0,48600.0,155400.0
314,1028,2025-07,150000,30000.0,22500.0,0,202500.0,30375.0,18000.0,0.0,48375.0,154125.0
315,1028,2025-08,150000,30000.0,22500.0,3000,205500.0,30825.0,18000.0,7142.86,55967.86,149532.14
316,1028,2025-09,150000,30000.0,22500.0,0,202500.0,30375.0,18000.0,0.0,48375.0,154125.0
317,1028,2025-10,150000,30000.0,22500.0,0,202500.0,30375.0,18000.0,6521.74,54896.74,147603.26
318,1028,2025-11,150000,30000.0,22500.0,3500,206000.0,30900.0,18000.0,0.0,48900.0,157100.0
319,1028,2025-12,150000,30000.0,22500.0,0,202500.0,30375.0,18000.0,6521.74,54896.74,147603.26
320,1029,2025-01,50000,10000.0,7500.0,0,67500.0,6750.0,6000.0,2173.91,14923.91,52576.09
321,1029,2025-02,50000,10000.0,7500.0,0,67500.0,6750.0,6000.0,0.0,12750.0,54750.0
322,1029,2025-03,50000,10000.0,7500.0,0,67500.0,6750.0,6000.0,4761.9,17511.9,49988.1
323,1029,2025-04,50000,10000.0,7500.0,0,67500.0,6750.0,6000.0,2272.73,15022.73,52477.27
324,1029,2025-05,50000,10000.0,7500.0,0,67500.0,6750.0,6000.0,6818.18,19568.18,47931.82
325,1029,2025-06,50000,10000.0,7500.0,2000,69500.0,6950.0,6000.0,7142.86,20092.86,49407.14
326,1029,2025-07,50000,10000.0,7500.0,0,67500.0,6750.0,6000.0,0.0,12750.0,54750.0
327,1029,2025-08,50000,10000.0,7500.0,2500,70000.0,7000.0,6000.0,2380.95,15380.95,54619.05
328,1029,2025-09,50000,10000.0,7500.0,0,67500.0,6750.0,6000.0,0.0,12750.0,54750.0
329,1029,2025-10,50000,10000.0,7500.0,6000,73500.0,7350.0,6000.0,0.0,13350.0,60150.0
330,1029,2025-11,50000,10000.0,7500.0,0,67500.0,6750.0,6000.0,0.0,12750.0,54750.0
331,1029,2025-12,50000,10000.0,7500.0,0,67500.0,6750.0,6000.0,0.0,12750.0,54750.0
332,1030,2025-01,50000,10000.0,7500.0,1000,68500.0,6850.0,6000.0,0.0,12850.0,55650.0
333,1030,2025-02,50000,10000.0,7500.0,0,67500.0,6750.0,6000.0,0.0,12750.0,54750.0
334,1030,2025-03,50000,10000.0,7500.0,1000,68500.0,6850.0,6000.0,4761.9,17611.9,50888.1
335,1030,2025-04,50000,10000.0,7500.0,0,67500.0,6750.0,6000.0,0.0,12750.0,54750.0
336,1030,2025-05,50000,10000.0,7500.0,0,67500.0,6750.0,6000.0,2272.73,15022.73,52477.27
337,1030,2025-06,50000,10000.0,7500.0,0,67500.0,6750.0,6000.0,2380.95,15130.95,52369.05
338,1030,2025-07,50000,10000.0,7500.0,0,67500.0,6750.0,6000.0,6521.74,19271.74,48228.26
339,1030,2025-08,50000,10000.0,7500.0,0,67500.0,6750.0,6000.0,0.0,12750.0,54750.0
340,1030,2025-09,50000,10000.0,7500.0,0,67500.0,6750.0,6000.0,0.0,12750.0,54750.0
341,1030,2025-10,50000,10000.0,7500.0,0,67500.0,6750.0,6000.0,0.0,12750.0,54750.0
342,1030,2025-11,50000,10000.0,7500.0,1500,69000.0,6900.0,6000.0,0.0,12900.0,56100.0
343,1030,2025-12,50000,10000.0,7500.0,0,67500.0,6750.0,6000.0,0.0,12750.0,54750.0
344,1031,2025-08,65000,13000.0,9750.0,1000,88750.0,8875.0,7800.0,0.0,16675.0,72075.0
345,1031,2025-09,65000,13000.0,9750.0,0,87750.0,8775.0,7800.0,0.0,16575.0,71175.0
346,1031,2025-10,65000,13000.0,9750.0,500,88250.0,8825.0,7800.0,0.0,16625.0,71625.0
347,1031,2025-11,65000,13000.0,9750.0,0,87750.0,8775.0,7800.0,3250.0,19825.0,67925.0
348,1031,2025-12,65000,13000.0,9750.0,2000,89750.0,8975.0,7800.0,2826.09,19601.09,70148.91
349,1032,2025-01,150000,30000.0,22500.0,0,202500.0,30375.0,18000.0,0.0,48375.0,154125.0
350,1032,2025-02,150000,30000.0,22500.0,0,202500.0,30375.0,18000.0,0.0,48375.0,154125.0
351,1032,2025-03,150000,30000.0,22500.0,0,202500.0,30375.0,18000.0,7142.86,55517.86,146982.14
352,1032,2025-04,150000,30000.0,22500.0,0,202500.0,30375.0,18000.0,0.0,48375.0,154125.0
353,1032,2025-05,150000,30000.0,22500.0,0,202500.0,30375.0,18000.0,6818.18,55193.18,147306.82
354,1032,2025-06,150000,30000.0,22500.0,0,202500.0,30375.0,18000.0,0.0,48375.0,154125.0
355,1032,2025-07,150000,30000.0,22500.0,0,202500.0,30375.0,18000.0,0.0,48375.0,154125.0
356,1032,2025-08,150000,30000.0,22500.0,0,202500.0,30375.0,18000.0,28571.43,76946.43,125553.57
357,1032,2025-09,150000,30000.0,22500.0,500,203000.0,30450.0,18000.0,0.0,48450.0,154550.0
358,1032,2025-10,150000,30000.0,22500.0,1000,203500.0,30525.0,18000.0,0.0,48525.0,154975.0
359,1032,2025-11,150000,30000.0,22500.0,0,202500.0,30375.0,18000.0,7500.0,55875.0,146625.0
360,1032,2025-12,150000,30000.0,22500.0,2000,204500.0,30675.0,18000.0,6521.74,55196.74,149303.26
361,1033,2025-01,150000,30000.0,22500.0,1500,204000.0,30600.0,18000.0,32608.7,81208.7,122791.3
362,1033,2025-02,150000,30000.0,22500.0,500,203000.0,30450.0,18000.0,0.0,48450.0,154550.0
363,1033,2025-03,150000,30000.0,22500.0,2000,204500.0,30675.0,18000.0,0.0,48675.0,155825.0
364,1033,2025-04,150000,30000.0,22500.0,0,202500.0,30375.0,18000.0,34090.91,82465.91,120034.09
365,1033,2025-05,150000,30000.0,22500.0,0,202500.0,30375.0,18000.0,13636.36,62011.36,140488.64
366,1033,2025-06,150000,30000.0,22500.0,0,202500.0,30375.0,18000.0,0.0,48375.0,154125.0
367,1033,2025-07,150000,30000.0,22500.0,0,202500.0,30375.0,18000.0,6521.74,54896.74,147603.26
368,1033,2025-08,150000,30000.0,22500.0,5500,208000.0,31200.0,18000.0,7142.86,56342.86,151657.14
369,1033,2025-09,150000,30000.0,22500.0,6000,208500.0,31275.0,18000.0,20454.55,69729.55,138770.45
370,1033,2025-10,150000,30000.0,22500.0,0,202500.0,30375.0,18000.0,19565.22,67940.22,134559.78
371,1033,2025-11,150000,30000.0,22500.0,0,202500.0,30375.0,18000.0,0.0,48375.0,154125.0
372,1033,2025-12,150000,30000.0,22500.0,0,202500.0,30375.0,18000.0,6521.74,54896.74,147603.26
373,1034,2025-01,95000,19000.0,14250.0,0,128250.0,19237.5,11400.0,0.0,30637.5,97612.5
374,1034,2025-02,95000,19000.0,14250.0,0,128250.0,19237.5,11400.0,4750.0,35387.5,92862.5
375,1034,2025-03,95000,19000.0,14250.0,2000,130250.0,19537.5,11400.0,0.0,30937.5,99312.5
376,1034,2025-04,95000,19000.0,14250.0,0,128250.0,19237.5,11400.0,0.0,30637.5,97612.5
377,1034,2025-05,95000,19000.0,14250.0,0,128250.0,19237.5,11400.0,4318.18,34955.68,93294.32
378,1034,2025-06,95000,19000.0,14250.0,0,128250.0,19237.5,11400.0,0.0,30637.5,97612.5
379,1034,2025-07,95000,19000.0,14250.0,0,128250.0,19237.5,11400.0,0.0,30637.5,97612.5
380,1034,2025-08,95000,19000.0,14250.0,0,128250.0,19237.5,11400.0,0.0,30637.5,97612.5
381,1034,2025-09,95000,19000.0,14250.0,2000,130250.0,19537.5,11400.0,8636.36,39573.86,90676.14
382,1034,2025-10,95000,19000.0,14250.0,0,128250.0,19237.5,11400.0,0.0,30637.5,97612.5
383,1034,2025-11,95000,19000.0,14250.0,0,128250.0,19237.5,11400.0,0.0,30637.5,97612.5
384,1034,2025-12,95000,19000.0,14250.0,0,128250.0,19237.5,11400.0,0.0,30637.5,97612.5
385,1035,2025-01,70000,14000.0,10500.0,0,94500.0,9450.0,8400.0,0.0,17850.0,76650.0
386,1035,2025-02,70000,14000.0,10500.0,0,94500.0,9450.0,8400.0,0.0,17850.0,76650.0
387,1035,2025-03,70000,14000.0,10500.0,0,94500.0,9450.0,8400.0,0.0,17850.0,76650.0
388,1035,2025-04,70000,14000.0,10500.0,500,95000.0,9500.0,8400.0,0.0,17900.0,77100.0
389,1035,2025-05,70000,14000.0,10500.0,0,94500.0,9450.0,8400.0,0.0,17850.0,76650.0
390,1035,2025-06,70000,14000.0,10500.0,0,94500.0,9450.0,8400.0,0.0,17850.0,76650.0
391,1035,2025-07,70000,14000.0,10500.0,1500,96000.0,9600.0,8400.0,15217.39,33217.39,62782.61
392,1035,2025-08,70000,14000.0,10500.0,0,94500.0,9450.0,8400.0,0.0,17850.0,76650.0
393,1035,2025-09,70000,14000.0,10500.0,3500,98000.0,9800.0,8400.0,0.0,18200.0,79800.0
394,1035,2025-10,70000,14000.0,10500.0,0,94500.0,9450.0,8400.0,0.0,17850.0,76650.0
395,1035,2025-11,70000,14000.0,10500.0,0,94500.0,9450.0,8400.0,7000.0,24850.0,69650.0
396,1035,2025-12,70000,14000.0,10500.0,0,94500.0,9450.0,8400.0,9130.43,26980.43,67519.57
397,1036,2025-01,120000,24000.0,18000.0,0,162000.0,24300.0,14400.0,0.0,38700.0,123300.0
398,1036,2025-02,120000,24000.0,18000.0,0,162000.0,24300.0,14400.0,0.0,38700.0,123300.0
399,1036,2025-03,120000,24000.0,18000.0,1500,163500.0,24525.0,14400.0,0.0,38925.0,124575.0
400,1036,2025-04,120000,24000.0,18000.0,0,162000.0,24300.0,14400.0,0.0,38700.0,123300.0
401,1036,2025-05,120000,24000.0,18000.0,0,162000.0,24300.0,14400.0,16363.64,55063.64,106936.36
402,1036,2025-06,120000,24000.0,18000.0,0,162000.0,24300.0,14400.0,0.0,38700.0,123300.0
403,1036,2025-07,120000,24000.0,18000.0,0,162000.0,24300.0,14400.0,0.0,38700.0,123300.0
404,1036,2025-08,120000,24000.0,18000.0,0,162000.0,24300.0,14400.0,0.0,38700.0,123300.0
405,1036,2025-09,120000,24000.0,18000.0,0,162000.0,24300.0,14400.0,0.0,38700.0,123300.0
406,1036,2025-10,120000,24000.0,18000.0,0,162000.0,24300.0,14400.0,0.0,38700.0,123300.0
407,1036,2025-11,120000,24000.0,18000.0,0,162000.0,24300.0,14400.0,18000.0,56700.0,105300.0
408,1036,2025-12,120000,24000.0,18000.0,0,162000.0,24300.0,14400.0,0.0,38700.0,123300.0
409,1037,2025-01,95000,19000.0,14250.0,0,128250.0,19237.5,11400.0,0.0,30637.5,97612.5
410,1037,2025-02,95000,19000.0,14250.0,1500,129750.0,19462.5,11400.0,0.0,30862.5,98887.5
411,1037,2025-03,95000,19000.0,14250.0,0,128250.0,19237.5,11400.0,0.0,30637.5,97612.5
412,1037,2025-04,95000,19000.0,14250.0,0,128250.0,19237.5,11400.0,8636.36,39273.86,88976.14
413,1037,2025-05,95000,19000.0,14250.0,1000,129250.0,19387.5,11400.0,0.0,30787.5,98462.5
414,1037,2025-06,95000,19000.0,14250.0,5000,133250.0,19987.5,11400.0,9047.62,40435.12,92814.88
415,1037,2025-07,95000,19000.0,14250.0,0,128250.0,19237.5,11400.0,0.0,30637.5,97612.5
416,1037,2025-08,95000,19000.0,14250.0,0,128250.0,19237.5,11400.0,0.0,30637.5,97612.5
417,1037,2025-09,95000,19000.0,14250.0,500,128750.0,19312.5,11400.0,4318.18,35030.68,93719.32
418,1037,2025-10,95000,19000.0,14250.0,0,128250.0,19237.5,11400.0,0.0,30637.5,97612.5
419,1037,2025-11,95000,19000.0,14250.0,1000,129250.0,19387.5,11400.0,4750.0,35537.5,93712.5
420,1037,2025-12,95000,19000.0,14250.0,0,128250.0,19237.5,11400.0,12391.3,43028.8,85221.2
421,1038,2025-01,150000,30000.0,22500.0,3000,205500.0,30825.0,18000.0,6521.74,55346.74,150153.26
422,1038,2025-02,150000,30000.0,22500.0,1000,203500.0,30525.0,18000.0,15000.0,63525.0,139975.0
423,1038,2025-03,150000,30000.0,22500.0,0,202500.0,30375.0,18000.0,7142.86,55517.86,146982.14
424,1038,2025-04,150000,30000.0,22500.0,3000,205500.0,30825.0,18000.0,13636.36,62461.36,143038.64
425,1038,2025-05,150000,30000.0,22500.0,0,202500.0,30375.0,18000.0,0.0,48375.0,154125.0
426,1038,2025-06,150000,30000.0,22500.0,1000,203500.0,30525.0,18000.0,7142.86,55667.86,147832.14
427,1038,2025-07,150000,30000.0,22500.0,0,202500.0,30375.0,18000.0,0.0,48375.0,154125.0
428,1038,2025-08,150000,30000.0,22500.0,0,202500.0,30375.0,18000.0,7142.86,55517.86,146982.14
429,1038,2025-09,150000,30000.0,22500.0,0,202500.0,30375.0,18000.0,13636.36,62011.36,140488.64
430,1038,2025-10,150000,30000.0,22500.0,0,202500.0,30375.0,18000.0,0.0,48375.0,154125.0
431,1038,2025-11,150000,30000.0,22500.0,2000,204500.0,30675.0,18000.0,0.0,48675.0,155825.0
432,1038,2025-12,150000,30000.0,22500.0,0,202500.0,30375.0,18000.0,0.0,48375.0,154125.0
433,1039,2025-01,55000,11000.0,8250.0,0,74250.0,7425.0,6600.0,0.0,14025.0,60225.0
434,1039,2025-02,55000,11000.0,8250.0,0,74250.0,7425.0,6600.0,0.0,14025.0,60225.0
435,1039,2025-03,55000,11000.0,8250.0,0,74250.0,7425.0,6600.0,2619.05,16644.05,57605.95
436,1039,2025-04,55000,11000.0,8250.0,0,74250.0,7425.0,6600.0,0.0,14025.0,60225.0
437,1039,2025-05,55000,11000.0,8250.0,0,74250.0,7425.0,6600.0,0.0,14025.0,60225.0
438,1039,2025-06,55000,11000.0,8250.0,0,74250.0,7425.0,6600.0,2619.05,16644.05,57605.95
439,1039,2025-07,55000,11000.0,8250.0,0,74250.0,7425.0,6600.0,0.0,14025.0,60225.0
440,1039,2025-08,55000,11000.0,8250.0,0,74250.0,7425.0,6600.0,2619.05,16644.05,57605.95
441,1039,2025-09,55000,11000.0,8250.0,500,74750.0,7475.0,6600.0,0.0,14075.0,60675.0
442,1039,2025-10,55000,11000.0,8250.0,2000,76250.0,7625.0,6600.0,0.0,14225.0,62025.0
443,1039,2025-11,55000,11000.0,8250.0,0,74250.0,7425.0,6600.0,0.0,14025.0,60225.0
444,1039,2025-12,55000,11000.0,8250.0,0,74250.0,7425.0,6600.0,0.0,14025.0,60225.0
445,1040,2025-01,60000,12000.0,9000.0,1500,82500.0,8250.0,7200.0,2608.7,18058.7,64441.3
446,1040,2025-02,60000,12000.0,9000.0,0,81000.0,8100.0,7200.0,0.0,15300.0,65700.0
447,1040,2025-03,60000,12000.0,9000.0,0,81000.0,8100.0,7200.0,0.0,15300.0,65700.0
448,1040,2025-04,60000,12000.0,9000.0,0,81000.0,8100.0,7200.0,0.0,15300.0,65700.0
449,1040,2025-05,60000,12000.0,9000.0,0,81000.0,8100.0,7200.0,10909.09,26209.09,54790.91
450,1040,2025-06,60000,12000.0,9000.0,2000,83000.0,8300.0,7200.0,0.0,15500.0,67500.0
451,1040,2025-07,60000,12000.0,9000.0,0,81000.0,8100.0,7200.0,0.0,15300.0,65700.0
452,1040,2025-08,60000,12000.0,9000.0,2000,83000.0,8300.0,7200.0,0.0,15500.0,67500.0
453,1040,2025-09,60000,12000.0,9000.0,0,81000.0,8100.0,7200.0,0.0,15300.0,65700.0
454,1040,2025-10,60000,12000.0,9000.0,0,81000.0,8100.0,7200.0,2608.7,17908.7,63091.3
455,1040,2025-11,60000,12000.0,9000.0,0,81000.0,8100.0,7200.0,12000.0,27300.0,53700.0
456,1040,2025-12,60000,12000.0,9000.0,1500,82500.0,8250.0,7200.0,0.0,15450.0,67050.0
457,1041,2025-01,55000,11000.0,8250.0,0,74250.0,7425.0,6600.0,0.0,14025.0,60225.0
458,1041,2025-02,55000,11000.0,8250.0,6000,80250.0,8025.0,6600.0,8250.0,22875.0,57375.0
459,1041,2025-03,55000,11000.0,8250.0,6000,80250.0,8025.0,6600.0,0.0,14625.0,65625.0
460,1041,2025-04,55000,11000.0,8250.0,0,74250.0,7425.0,6600.0,2500.0,16525.0,57725.0
461,1041,2025-05,55000,11000.0,8250.0,0,74250.0,7425.0,6600.0,0.0,14025.0,60225.0
462,1041,2025-06,55000,11000.0,8250.0,0,74250.0,7425.0,6600.0,5238.1,19263.1,54986.9
463,1041,2025-07,55000,11000.0,8250.0,1500,75750.0,7575.0,6600.0,0.0,14175.0,61575.0
464,1041,2025-08,55000,11000.0,8250.0,0,74250.0,7425.0,6600.0,2619.05,16644.05,57605.95
465,1041,2025-09,55000,11000.0,8250.0,1500,75750.0,7575.0,6600.0,2500.0,16675.0,59075.0
466,1041,2025-10,55000,11000.0,8250.0,5000,79250.0,7925.0,6600.0,0.0,14525.0,64725.0
467,1041,2025-11,55000,11000.0,8250.0,0,74250.0,7425.0,6600.0,0.0,14025.0,60225.0
468,1041,2025-12,55000,11000.0,8250.0,1000,75250.0,7525.0,6600.0,2391.3,16516.3,58733.7
469,1042,2025-01,95000,19000.0,14250.0,0,128250.0,19237.5,11400.0,0.0,30637.5,97612.5
470,1042,2025-02,95000,19000.0,14250.0,1000,129250.0,19387.5,11400.0,4750.0,35537.5,93712.5
471,1042,2025-03,95000,19000.0,14250.0,0,128250.0,19237.5,11400.0,4523.81,35161.31,93088.69
472,1042,2025-04,95000,19000.0,14250.0,0,128250.0,19237.5,11400.0,0.0,30637.5,97612.5
473,1042,2025-05,95000,19000.0,14250.0,500,128750.0,19312.5,11400.0,0.0,30712.5,98037.5
474,1042,2025-06,95000,19000.0,14250.0,0,128250.0,19237.5,11400.0,4523.81,35161.31,93088.69
475,1042,2025-07,95000,19000.0,14250.0,0,128250.0,19237.5,11400.0,4130.43,34767.93,93482.07
476,1042,2025-08,95000,19000.0,14250.0,6000,134250.0,20137.5,11400.0,4523.81,36061.31,98188.69
477,1042,2025-09,95000,19000.0,14250.0,0,128250.0,19237.5,11400.0,0.0,30637.5,97612.5
478,1042,2025-10,95000,19000.0,14250.0,500,128750.0,19312.5,11400.0,0.0,30712.5,98037.5
479,1042,2025-11,95000,19000.0,14250.0,0,128250.0,19237.5,11400.0,0.0,30637.5,97612.5
480,1042,2025-12,95000,19000.0,14250.0,0,128250.0,19237.5,11400.0,0.0,30637.5,97612.5
481,1043,2025-01,55000,11000.0,8250.0,0,74250.0,7425.0,6600.0,0.0,14025.0,60225.0
482,1043,2025-02,55000,11000.0,8250.0,0,74250.0,7425.0,6600.0,2750.0,16775.0,57475.0
483,1043,2025-03,55000,11000.0,8250.0,1000,75250.0,7525.0,6600.0,2619.05,16744.05,58505.95
484,1043,2025-04,55000,11000.0,8250.0,0,74250.0,7425.0,6600.0,0.0,14025.0,60225.0
485,1043,2025-05,55000,11000.0,8250.0,0,74250.0,7425.0,6600.0,2500.0,16525.0,57725.0
486,1043,2025-06,55000,11000.0,8250.0,0,74250.0,7425.0,6600.0,0.0,14025.0,60225.0
487,1043,2025-07,55000,11000.0,8250.0,0,74250.0,7425.0,6600.0,2391.3,16416.3,57833.7
488,1043,2025-08,55000,11000.0,8250.0,0,74250.0,7425.0,6600.0,0.0,14025.0,60225.0
489,1043,2025-09,55000,11000.0,8250.0,0,74250.0,7425.0,6600.0,2500.0,16525.0,57725.0
490,1043,2025-10,55000,11000.0,8250.0,0,74250.0,7425.0,6600.0,0.0,14025.0,60225.0
491,1043,2025-11,55000,11000.0,8250.0,0,74250.0,7425.0,6600.0,0.0,14025.0,60225.0
492,1043,2025-12,55000,11000.0,8250.0,0,74250.0,7425.0,6600.0,2391.3,16416.3,57833.7
493,1044,2025-01,150000,30000.0,22500.0,0,202500.0,30375.0,18000.0,0.0,48375.0,154125.0
494,1044,2025-02,150000,30000.0,22500.0,0,202500.0,30375.0,18000.0,7500.0,55875.0,146625.0
495,1044,2025-03,150000,30000.0,22500.0,0,202500.0,30375.0,18000.0,0.0,48375.0,154125.0
496,1044,2025-04,150000,30000.0,22500.0,0,202500.0,30375.0,18000.0,13636.36,62011.36,140488.64
497,1044,2025-05,150000,30000.0,22500.0,3500,206000.0,30900.0,18000.0,20454.55,69354.55,136645.45
498,1044,2025-06,150000,30000.0,22500.0,0,202500.0,30375.0,18000.0,42857.14,91232.14,111267.86
499,1044,2025-07,150000,30000.0,22500.0,0,202500.0,30375.0,18000.0,6521.74,54896.74,147603.26
500,1044,2025-08,150000,30000.0,22500.0,0,202500.0,30375.0,18000.0,42857.14,91232.14,111267.86
501,1044,2025-09,150000,30000.0,22500.0,0,202500.0,30375.0,18000.0,0.0,48375.0,154125.0
502,1044,2025-10,150000,30000.0,22500.0,500,203000.0,30450.0,18000.0,0.0,48450.0,154550.0
503,1044,2025-11,150000,30000.0,22500.0,0,202500.0,30375.0,18000.0,0.0,48375.0,154125.0
504,1044,2025-12,150000,30000.0,22500.0,4500,207000.0,31050.0,18000.0,0.0,49050.0,157950.0
505,1045,2025-09,50000,10000.0,7500.0,0,67500.0,6750.0,6000.0,0.0,12750.0,54750.0
506,1045,2025-10,50000,10000.0,7500.0,0,67500.0,6750.0,6000.0,0.0,12750.0,54750.0
507,1045,2025-11,50000,10000.0,7500.0,0,67500.0,6750.0,6000.0,0.0,12750.0,54750.0
508,1045,2025-12,50000,10000.0,7500.0,0,67500.0,6750.0,6000.0,0.0,12750.0,54750.0
509,1046,2025-01,55000,11000.0,8250.0,0,74250.0,7425.0,6600.0,2391.3,16416.3,57833.7
510,1046,2025-02,55000,11000.0,8250.0,0,74250.0,7425.0,6600.0,0.0,14025.0,60225.0
511,1046,2025-03,55000,11000.0,8250.0,0,74250.0,7425.0,6600.0,0.0,14025.0,60225.0
512,1046,2025-04,55000,11000.0,8250.0,0,74250.0,7425.0,6600.0,2500.0,16525.0,57725.0
513,1046,2025-05,55000,11000.0,8250.0,0,74250.0,7425.0,6600.0,2500.0,16525.0,57725.0
514,1046,2025-06,55000,11000.0,8250.0,0,74250.0,7425.0,6600.0,0.0,14025.0,60225.0
515,1046,2025-07,55000,11000.0,8250.0,0,74250.0,7425.0,6600.0,4782.61,18807.61,55442.39
516,1046,2025-08,55000,11000.0,8250.0,1500,75750.0,7575.0,6600.0,0.0,14175.0,61575.0
517,1046,2025-09,55000,11000.0,8250.0,0,74250.0,7425.0,6600.0,0.0,14025.0,60225.0
518,1046,2025-10,55000,11000.0,8250.0,0,74250.0,7425.0,6600.0,4782.61,18807.61,55442.39
519,1046,2025-11,55000,11000.0,8250.0,0,74250.0,7425.0,6600.0,0.0,14025.0,60225.0
520,1046,2025-12,55000,11000.0,8250.0,500,74750.0,7475.0,6600.0,0.0,14075.0,60675.0
521,1047,2025-01,60000,12000.0,9000.0,0,81000.0,8100.0,7200.0,0.0,15300.0,65700.0
522,1047,2025-02,60000,12000.0,9000.0,1500,82500.0,8250.0,7200.0,9000.0,24450.0,58050.0
523,1047,2025-03,60000,12000.0,9000.0,0,81000.0,8100.0,7200.0,0.0,15300.0,65700.0
524,1047,2025-04,60000,12000.0,9000.0,2000,83000.0,8300.0,7200.0,0.0,15500.0,67500.0
525,1047,2025-05,60000,12000.0,9000.0,0,81000.0,8100.0,7200.0,2727.27,18027.27,62972.73
526,1047,2025-06,60000,12000.0,9000.0,0,81000.0,8100.0,7200.0,0.0,15300.0,65700.0
527,1047,2025-07,60000,12000.0,9000.0,0,81000.0,8100.0,7200.0,0.0,15300.0,65700.0
528,1047,2025-08,60000,12000.0,9000.0,0,81000.0,8100.0,7200.0,2857.14,18157.14,62842.86
529,1047,2025-09,60000,12000.0,9000.0,5500,86500.0,8650.0,7200.0,8181.82,24031.82,62468.18
530,1047,2025-10,60000,12000.0,9000.0,0,81000.0,8100.0,7200.0,0.0,15300.0,65700.0
531,1047,2025-11,60000,12000.0,9000.0,0,81000.0,8100.0,7200.0,3000.0,18300.0,62700.0
532,1047,2025-12,60000,12000.0,9000.0,0,81000.0,8100.0,7200.0,2608.7,17908.7,63091.3
533,1048,2025-01,50000,10000.0,7500.0,0,67500.0,6750.0,6000.0,0.0,12750.0,54750.0
534,1048,2025-02,50000,10000.0,7500.0,500,68000.0,6800.0,6000.0,5000.0,17800.0,50200.0
535,1048,2025-03,50000,10000.0,7500.0,0,67500.0,6750.0,6000.0,7142.86,19892.86,47607.14
536,1048,2025-04,50000,10000.0,7500.0,0,67500.0,6750.0,6000.0,0.0,12750.0,54750.0
537,1048,2025-05,50000,10000.0,7500.0,1500,69000.0,6900.0,6000.0,0.0,12900.0,56100.0
538,1048,2025-06,50000,10000.0,7500.0,0,67500.0,6750.0,6000.0,2380.95,15130.95,52369.05
539,1048,2025-07,50000,10000.0,7500.0,0,67500.0,6750.0,6000.0,2173.91,14923.91,52576.09
540,1048,2025-08,50000,10000.0,7500.0,1000,68500.0,6850.0,6000.0,7142.86,19992.86,48507.14
541,1048,2025-09,50000,10000.0,7500.0,0,67500.0,6750.0,6000.0,0.0,12750.0,54750.0
542,1048,2025-10,50000,10000.0,7500.0,0,67500.0,6750.0,6000.0,0.0,12750.0,54750.0
543,1048,2025-11,50000,10000.0,7500.0,0,67500.0,6750.0,6000.0,2500.0,15250.0,52250.0
544,1048,2025-12,50000,10000.0,7500.0,0,67500.0,6750.0,6000.0,0.0,12750.0,54750.0
545,1049,2025-05,50000,10000.0,7500.0,0,67500.0,6750.0,6000.0,11363.64,24113.64,43386.36
546,1049,2025-06,50000,10000.0,7500.0,0,67500.0,6750.0,6000.0,0.0,12750.0,54750.0
547,1049,2025-07,50000,10000.0,7500.0,5000,72500.0,7250.0,6000.0,10869.57,24119.57,48380.43
548,1049,2025-08,50000,10000.0,7500.0,0,67500.0,6750.0,6000.0,2380.95,15130.95,52369.05
549,1049,2025-09,50000,10000.0,7500.0,4000,71500.0,7150.0,6000.0,2272.73,15422.73,56077.27
550,1049,2025-10,50000,10000.0,7500.0,500,68000.0,6800.0,6000.0,0.0,12800.0,55200.0
551,1049,2025-11,50000,10000.0,7500.0,0,67500.0,6750.0,6000.0,0.0,12750.0,54750.0
552,1049,2025-12,50000,10000.0,7500.0,0,67500.0,6750.0,6000.0,0.0,12750.0,54750.0
553,1050,2025-12,55000,11000.0,8250.0,1500,75750.0,7575.0,6600.0,9565.22,23740.22,52009.78
554,1051,2025-01,70000,14000.0,10500.0,0,94500.0,9450.0,8400.0,0.0,17850.0,76650.0
555,1051,2025-02,70000,14000.0,10500.0,3000,97500.0,9750.0,8400.0,0.0,18150.0,79350.0
556,1051,2025-03,70000,14000.0,10500.0,0,94500.0,9450.0,8400.0,0.0,17850.0,76650.0
557,1051,2025-04,70000,14000.0,10500.0,5000,99500.0,9950.0,8400.0,0.0,18350.0,81150.0
558,1051,2025-05,70000,14000.0,10500.0,500,95000.0,9500.0,8400.0,0.0,17900.0,77100.0
559,1051,2025-06,70000,14000.0,10500.0,1500,96000.0,9600.0,8400.0,0.0,18000.0,78000.0
560,1051,2025-07,70000,14000.0,10500.0,3500,98000.0,9800.0,8400.0,0.0,18200.0,79800.0
561,1051,2025-08,70000,14000.0,10500.0,0,94500.0,9450.0,8400.0,6666.67,24516.67,69983.33
562,1051,2025-09,70000,14000.0,10500.0,500,95000.0,9500.0,8400.0,6363.64,24263.64,70736.36
563,1051,2025-10,70000,14000.0,10500.0,500,95000.0,9500.0,8400.0,0.0,17900.0,77100.0
564,1051,2025-11,70000,14000.0,10500.0,2000,96500.0,9650.0,8400.0,0.0,18050.0,78450.0
565,1051,2025-12,70000,14000.0,10500.0,0,94500.0,9450.0,8400.0,6086.96,23936.96,70563.04
566,1052,2025-01,60000,12000.0,9000.0,3500,84500.0,8450.0,7200.0,2608.7,18258.7,66241.3
567,1052,2025-02,60000,12000.0,9000.0,0,81000.0,8100.0,7200.0,3000.0,18300.0,62700.0
568,1052,2025-03,60000,12000.0,9000.0,0,81000.0,8100.0,7200.0,0.0,15300.0,65700.0
569,1052,2025-04,60000,12000.0,9000.0,0,81000.0,8100.0,7200.0,0.0,15300.0,65700.0
570,1052,2025-05,60000,12000.0,9000.0,0,81000.0,8100.0,7200.0,0.0,15300.0,65700.0
571,1052,2025-06,60000,12000.0,9000.0,0,81000.0,8100.0,7200.0,2857.14,18157.14,62842.86
572,1052,2025-07,60000,12000.0,9000.0,0,81000.0,8100.0,7200.0,0.0,15300.0,65700.0
573,1052,2025-08,60000,12000.0,9000.0,0,81000.0,8100.0,7200.0,17142.86,32442.86,48557.14
574,1052,2025-09,60000,12000.0,9000.0,0,81000.0,8100.0,7200.0,0.0,15300.0,65700.0
575,1052,2025-10,60000,12000.0,9000.0,0,81000.0,8100.0,7200.0,2608.7,17908.7,63091.3
576,1052,2025-11,60000,12000.0,9000.0,0,81000.0,8100.0,7200.0,3000.0,18300.0,62700.0
577,1052,2025-12,60000,12000.0,9000.0,0,81000.0,8100.0,7200.0,0.0,15300.0,65700.0
578,1053,2025-01,50000,10000.0,7500.0,1000,68500.0,6850.0,6000.0,0.0,12850.0,55650.0
579,1053,2025-02,50000,10000.0,7500.0,0,67500.0,6750.0,6000.0,0.0,12750.0,54750.0
580,1053,2025-03,50000,10000.0,7500.0,0,67500.0,6750.0,6000.0,0.0,12750.0,54750.0
581,1053,2025-04,50000,10000.0,7500.0,4500,72000.0,7200.0,6000.0,2272.73,15472.73,56527.27
582,1053,2025-05,50000,10000.0,7500.0,0,67500.0,6750.0,6000.0,0.0,12750.0,54750.0
583,1053,2025-06,50000,10000.0,7500.0,2000,69500.0,6950.0,6000.0,0.0,12950.0,56550.0
584,1053,2025-07,50000,10000.0,7500.0,2000,69500.0,6950.0,6000.0,2173.91,15123.91,54376.09
585,1053,2025-08,50000,10000.0,7500.0,0,67500.0,6750.0,6000.0,0.0,12750.0,54750.0
586,1053,2025-09,50000,10000.0,7500.0,2000,69500.0,6950.0,6000.0,6818.18,19768.18,49731.82
587,1053,2025-10,50000,10000.0,7500.0,1000,68500.0,6850.0,6000.0,0.0,12850.0,55650.0
588,1053,2025-11,50000,10000.0,7500.0,0,67500.0,6750.0,6000.0,0.0,12750.0,54750.0
589,1053,2025-12,50000,10000.0,7500.0,0,67500.0,6750.0,6000.0,0.0,12750.0,54750.0
590,1054,2025-10,70000,14000.0,10500.0,0,94500.0,9450.0,8400.0,0.0,17850.0,76650.0
591,1054,2025-11,70000,14000.0,10500.0,0,94500.0,9450.0,8400.0,0.0,17850.0,76650.0
592,1054,2025-12,70000,14000.0,10500.0,500,95000.0,9500.0,8400.0,0.0,17900.0,77100.0
593,1055,2025-01,65000,13000.0,9750.0,0,87750.0,8775.0,7800.0,0.0,16575.0,71175.0
594,1055,2025-02,65000,13000.0,9750.0,0,87750.0,8775.0,7800.0,6500.0,23075.0,64675.0
595,1055,2025-03,65000,13000.0,9750.0,1000,88750.0,8875.0,7800.0,9285.71,25960.71,62789.29
596,1055,2025-04,65000,13000.0,9750.0,0,87750.0,8775.0,7800.0,0.0,16575.0,71175.0
597,1055,2025-05,65000,13000.0,9750.0,0,87750.0,8775.0,7800.0,2954.55,19529.55,68220.45
598,1055,2025-06,65000,13000.0,9750.0,0,87750.0,8775.0,7800.0,0.0,16575.0,71175.0
599,1055,2025-07,65000,13000.0,9750.0,0,87750.0,8775.0,7800.0,2826.09,19401.09,68348.91
600,1055,2025-08,65000,13000.0,9750.0,0,87750.0,8775.0,7800.0,3095.24,19670.24,68079.76
601,1055,2025-09,65000,13000.0,9750.0,2000,89750.0,8975.0,7800.0,5909.09,22684.09,67065.91
602,1055,2025-10,65000,13000.0,9750.0,5000,92750.0,9275.0,7800.0,0.0,17075.0,75675.0
603,1055,2025-11,65000,13000.0,9750.0,0,87750.0,8775.0,7800.0,3250.0,19825.0,67925.0
604,1055,2025-12,65000,13000.0,9750.0,0,87750.0,8775.0,7800.0,2826.09,19401.09,68348.91
605,1056,2025-01,95000,19000.0,14250.0,1500,129750.0,19462.5,11400.0,0.0,30862.5,98887.5
606,1056,2025-02,95000,19000.0,14250.0,0,128250.0,19237.5,11400.0,0.0,30637.5,97612.5
607,1056,2025-03,95000,19000.0,14250.0,0,128250.0,19237.5,11400.0,18095.24,48732.74,79517.26
608,1056,2025-04,95000,19000.0,14250.0,0,128250.0,19237.5,11400.0,0.0,30637.5,97612.5
609,1056,2025-05,95000,19000.0,14250.0,0,128250.0,19237.5,11400.0,0.0,30637.5,97612.5
610,1056,2025-06,95000,19000.0,14250.0,0,128250.0,19237.5,11400.0,0.0,30637.5,97612.5
611,1056,2025-07,95000,19000.0,14250.0,1500,129750.0,19462.5,11400.0,0.0,30862.5,98887.5
612,1056,2025-08,95000,19000.0,14250.0,1500,129750.0,19462.5,11400.0,0.0,30862.5,98887.5
613,1056,2025-09,95000,19000.0,14250.0,0,128250.0,19237.5,11400.0,4318.18,34955.68,93294.32
614,1056,2025-10,95000,19000.0,14250.0,0,128250.0,19237.5,11400.0,0.0,30637.5,97612.5
615,1056,2025-11,95000,19000.0,14250.0,0,128250.0,19237.5,11400.0,0.0,30637.5,97612.5
616,1056,2025-12,95000,19000.0,14250.0,0,128250.0,19237.5,11400.0,0.0,30637.5,97612.5
617,1057,2025-01,65000,13000.0,9750.0,1500,89250.0,8925.0,7800.0,0.0,16725.0,72525.0
618,1057,2025-02,65000,13000.0,9750.0,4500,92250.0,9225.0,7800.0,0.0,17025.0,75225.0
619,1057,2025-03,65000,13000.0,9750.0,6000,93750.0,9375.0,7800.0,0.0,17175.0,76575.0
620,1057,2025-04,65000,13000.0,9750.0,0,87750.0,8775.0,7800.0,0.0,16575.0,71175.0
621,1057,2025-05,65000,13000.0,9750.0,0,87750.0,8775.0,7800.0,0.0,16575.0,71175.0
622,1057,2025-06,65000,13000.0,9750.0,0,87750.0,8775.0,7800.0,0.0,16575.0,71175.0
623,1057,2025-07,65000,13000.0,9750.0,0,87750.0,8775.0,7800.0,0.0,16575.0,71175.0
624,1057,2025-08,65000,13000.0,9750.0,0,87750.0,8775.0,7800.0,0.0,16575.0,71175.0
625,1057,2025-09,65000,13000.0,9750.0,0,87750.0,8775.0,7800.0,2954.55,19529.55,68220.45
626,1057,2025-10,65000,13000.0,9750.0,0,87750.0,8775.0,7800.0,2826.09,19401.09,68348.91
627,1057,2025-11,65000,13000.0,9750.0,0,87750.0,8775.0,7800.0,0.0,16575.0,71175.0
628,1057,2025-12,65000,13000.0,9750.0,500,88250.0,8825.0,7800.0,0.0,16625.0,71625.0
629,1058,2025-01,90000,18000.0,13500.0,0,121500.0,18225.0,10800.0,15652.17,44677.17,76822.83
630,1058,2025-02,90000,18000.0,13500.0,0,121500.0,18225.0,10800.0,0.0,29025.0,92475.0
631,1058,2025-03,90000,18000.0,13500.0,500,122000.0,18300.0,10800.0,0.0,29100.0,92900.0
632,1058,2025-04,90000,18000.0,13500.0,0,121500.0,18225.0,10800.0,8181.82,37206.82,84293.18
633,1058,2025-05,90000,18000.0,13500.0,0,121500.0,18225.0,10800.0,4090.91,33115.91,88384.09
634,1058,2025-06,90000,18000.0,13500.0,0,121500.0,18225.0,10800.0,0.0,29025.0,92475.0
635,1058,2025-07,90000,18000.0,13500.0,0,121500.0,18225.0,10800.0,0.0,29025.0,92475.0
636,1058,2025-08,90000,18000.0,13500.0,0,121500.0,18225.0,10800.0,4285.71,33310.71,88189.29
637,1058,2025-09,90000,18000.0,13500.0,1000,122500.0,18375.0,10800.0,4090.91,33265.91,89234.09
638,1058,2025-10,90000,18000.0,13500.0,1500,123000.0,18450.0,10800.0,0.0,29250.0,93750.0
639,1058,2025-11,90000,18000.0,13500.0,0,121500.0,18225.0,10800.0,0.0,29025.0,92475.0
640,1058,2025-12,90000,18000.0,13500.0,1500,123000.0,18450.0,10800.0,0.0,29250.0,93750.0
641,1059,2025-01,90000,18000.0,13500.0,4000,125500.0,18825.0,10800.0,0.0,29625.0,95875.0
642,1059,2025-02,90000,18000.0,13500.0,0,121500.0,18225.0,10800.0,4500.0,33525.0,87975.0
643,1059,2025-03,90000,18000.0,13500.0,0,121500.0,18225.0,10800.0,4285.71,33310.71,88189.29
644,1059,2025-04,90000,18000.0,13500.0,0,121500.0,18225.0,10800.0,0.0,29025.0,92475.0
645,1059,2025-05,90000,18000.0,13500.0,0,121500.0,18225.0,10800.0,0.0,29025.0,92475.0
646,1059,2025-06,90000,18000.0,13500.0,2000,123500.0,18525.0,10800.0,4285.71,33610.71,89889.29
647,1059,2025-07,90000,18000.0,13500.0,0,121500.0,18225.0,10800.0,0.0,29025.0,92475.0
648,1059,2025-08,90000,18000.0,13500.0,0,121500.0,18225.0,10800.0,4285.71,33310.71,88189.29
649,1059,2025-09,90000,18000.0,13500.0,0,121500.0,18225.0,10800.0,0.0,29025.0,92475.0
650,1059,2025-10,90000,18000.0,13500.0,0,121500.0,18225.0,10800.0,11739.13,40764.13,80735.87
651,1059,2025-11,90000,18000.0,13500.0,0,121500.0,18225.0,10800.0,4500.0,33525.0,87975.0
652,1059,2025-12,90000,18000.0,13500.0,0,121500.0,18225.0,10800.0,0.0,29025.0,92475.0
653,1060,2025-01,70000,14000.0,10500.0,0,94500.0,9450.0,8400.0,3043.48,20893.48,73606.52
654,1060,2025-02,70000,14000.0,10500.0,0,94500.0,9450.0,8400.0,0.0,17850.0,76650.0
655,1060,2025-03,70000,14000.0,10500.0,0,94500.0,9450.0,8400.0,10000.0,27850.0,66650.0
656,1060,2025-04,70000,14000.0,10500.0,0,94500.0,9450.0,8400.0,0.0,17850.0,76650.0
657,1060,2025-05,70000,14000.0,10500.0,0,94500.0,9450.0,8400.0,0.0,17850.0,76650.0
658,1060,2025-06,70000,14000.0,10500.0,500,95000.0,9500.0,8400.0,0.0,17900.0,77100.0
659,1060,2025-07,70000,14000.0,10500.0,0,94500.0,9450.0,8400.0,3043.48,20893.48,73606.52
660,1060,2025-08,70000,14000.0,10500.0,0,94500.0,9450.0,8400.0,0.0,17850.0,76650.0
661,1060,2025-09,70000,14000.0,10500.0,0,94500.0,9450.0,8400.0,6363.64,24213.64,70286.36
662,1060,2025-10,70000,14000.0,10500.0,0,94500.0,9450.0,8400.0,3043.48,20893.48,73606.52
663,1060,2025-11,70000,14000.0,10500.0,0,94500.0,9450.0,8400.0,3500.0,21350.0,73150.0
664,1060,2025-12,70000,14000.0,10500.0,0,94500.0,9450.0,8400.0,0.0,17850.0,76650.0
665,1061,2025-01,90000,18000.0,13500.0,500,122000.0,18300.0,10800.0,0.0,29100.0,92900.0
666,1061,2025-02,90000,18000.0,13500.0,0,121500.0,18225.0,10800.0,4500.0,33525.0,87975.0
667,1061,2025-03,90000,18000.0,13500.0,0,121500.0,18225.0,10800.0,4285.71,33310.71,88189.29
668,1061,2025-04,90000,18000.0,13500.0,0,121500.0,18225.0,10800.0,0.0,29025.0,92475.0
669,1061,2025-05,90000,18000.0,13500.0,0,121500.0,18225.0,10800.0,0.0,29025.0,92475.0
670,1061,2025-06,90000,18000.0,13500.0,0,121500.0,18225.0,10800.0,0.0,29025.0,92475.0
671,1061,2025-07,90000,18000.0,13500.0,0,121500.0,18225.0,10800.0,3913.04,32938.04,88561.96
672,1061,2025-08,90000,18000.0,13500.0,0,121500.0,18225.0,10800.0,21428.57,50453.57,71046.43
673,1061,2025-09,90000,18000.0,13500.0,6000,127500.0,19125.0,10800.0,0.0,29925.0,97575.0
674,1061,2025-10,90000,18000.0,13500.0,0,121500.0,18225.0,10800.0,11739.13,40764.13,80735.87
675,1061,2025-11,90000,18000.0,13500.0,1500,123000.0,18450.0,10800.0,4500.0,33750.0,89250.0
676,1061,2025-12,90000,18000.0,13500.0,1500,123000.0,18450.0,10800.0,0.0,29250.0,93750.0
677,1062,2025-01,120000,24000.0,18000.0,0,162000.0,24300.0,14400.0,0.0,38700.0,123300.0
678,1062,2025-02,120000,24000.0,18000.0,0,162000.0,24300.0,14400.0,0.0,38700.0,123300.0
679,1062,2025-03,120000,24000.0,18000.0,2000,164000.0,24600.0,14400.0,0.0,39000.0,125000.0
680,1062,2025-04,120000,24000.0,18000.0,0,162000.0,24300.0,14400.0,0.0,38700.0,123300.0
681,1062,2025-05,120000,24000.0,18000.0,4000,166000.0,24900.0,14400.0,5454.55,44754.55,121245.45
682,1062,2025-06,120000,24000.0,18000.0,0,162000.0,24300.0,14400.0,0.0,38700.0,123300.0
683,1062,2025-07,120000,24000.0,18000.0,0,162000.0,24300.0,14400.0,0.0,38700.0,123300.0
684,1062,2025-08,120000,24000.0,18000.0,0,162000.0,24300.0,14400.0,0.0,38700.0,123300.0
685,1062,2025-09,120000,24000.0,18000.0,0,162000.0,24300.0,14400.0,0.0,38700.0,123300.0
686,1062,2025-10,120000,24000.0,18000.0,5000,167000.0,25050.0,14400.0,5217.39,44667.39,122332.61
687,1062,2025-11,120000,24000.0,18000.0,0,162000.0,24300.0,14400.0,0.0,38700.0,123300.0
688,1062,2025-12,120000,24000.0,18000.0,0,162000.0,24300.0,14400.0,10434.78,49134.78,112865.22
689,1063,2025-01,95000,19000.0,14250.0,0,128250.0,19237.5,11400.0,4130.43,34767.93,93482.07
690,1063,2025-02,95000,19000.0,14250.0,0,128250.0,19237.5,11400.0,0.0,30637.5,97612.5
691,1063,2025-03,95000,19000.0,14250.0,0,128250.0,19237.5,11400.0,0.0,30637.5,97612.5
692,1063,2025-04,95000,19000.0,14250.0,0,128250.0,19237.5,11400.0,8636.36,39273.86,88976.14
693,1063,2025-05,95000,19000.0,14250.0,500,128750.0,19312.5,11400.0,0.0,30712.5,98037.5
694,1063,2025-06,95000,19000.0,14250.0,1000,129250.0,19387.5,11400.0,0.0,30787.5,98462.5
695,1063,2025-07,95000,19000.0,14250.0,0,128250.0,19237.5,11400.0,8260.87,38898.37,89351.63
696,1063,2025-08,95000,19000.0,14250.0,5000,133250.0,19987.5,11400.0,0.0,31387.5,101862.5
697,1063,2025-09,95000,19000.0,14250.0,3000,131250.0,19687.5,11400.0,4318.18,35405.68,95844.32
698,1063,2025-10,95000,19000.0,14250.0,0,128250.0,19237.5,11400.0,8260.87,38898.37,89351.63
699,1063,2025-11,95000,19000.0,14250.0,0,128250.0,19237.5,11400.0,0.0,30637.5,97612.5
700,1063,2025-12,95000,19000.0,14250.0,0,128250.0,19237.5,11400.0,0.0,30637.5,97612.5
701,1064,2025-01,70000,14000.0,10500.0,5500,100000.0,10000.0,8400.0,0.0,18400.0,81600.0
702,1064,2025-02,70000,14000.0,10500.0,1500,96000.0,9600.0,8400.0,0.0,18000.0,78000.0
703,1064,2025-03,70000,14000.0,10500.0,0,94500.0,9450.0,8400.0,0.0,17850.0,76650.0
704,1064,2025-04,70000,14000.0,10500.0,0,94500.0,9450.0,8400.0,0.0,17850.0,76650.0
705,1064,2025-05,70000,14000.0,10500.0,6000,100500.0,15075.0,8400.0,9545.45,33020.45,67479.55
706,1064,2025-06,70000,14000.0,10500.0,6000,100500.0,15075.0,8400.0,3333.33,26808.33,73691.67
707,1064,2025-07,70000,14000.0,10500.0,0,94500.0,9450.0,8400.0,0.0,17850.0,76650.0
708,1064,2025-08,70000,14000.0,10500.0,500,95000.0,9500.0,8400.0,0.0,17900.0,77100.0
709,1064,2025-09,70000,14000.0,10500.0,0,94500.0,9450.0,8400.0,3181.82,21031.82,73468.18
710,1064,2025-10,70000,14000.0,10500.0,0,94500.0,9450.0,8400.0,0.0,17850.0,76650.0
711,1064,2025-11,70000,14000.0,10500.0,0,94500.0,9450.0,8400.0,10500.0,28350.0,66150.0
712,1064,2025-12,70000,14000.0,10500.0,6000,100500.0,15075.0,8400.0,0.0,23475.0,77025.0
713,1065,2025-01,65000,13000.0,9750.0,5000,92750.0,9275.0,7800.0,0.0,17075.0,75675.0
714,1065,2025-02,65000,13000.0,9750.0,0,87750.0,8775.0,7800.0,0.0,16575.0,71175.0
715,1065,2025-03,65000,13000.0,9750.0,500,88250.0,8825.0,7800.0,0.0,16625.0,71625.0
716,1065,2025-04,65000,13000.0,9750.0,2500,90250.0,9025.0,7800.0,2954.55,19779.55,70470.45
717,1065,2025-05,65000,13000.0,9750.0,0,87750.0,8775.0,7800.0,2954.55,19529.55,68220.45
718,1065,2025-06,65000,13000.0,9750.0,0,87750.0,8775.0,7800.0,0.0,16575.0,71175.0
719,1065,2025-07,65000,13000.0,9750.0,1500,89250.0,8925.0,7800.0,0.0,16725.0,72525.0
720,1065,2025-08,65000,13000.0,9750.0,0,87750.0,8775.0,7800.0,0.0,16575.0,71175.0
721,1065,2025-09,65000,13000.0,9750.0,0,87750.0,8775.0,7800.0,0.0,16575.0,71175.0
722,1065,2025-10,65000,13000.0,9750.0,0,87750.0,8775.0,7800.0,0.0,16575.0,71175.0
723,1065,2025-11,65000,13000.0,9750.0,0,87750.0,8775.0,7800.0,3250.0,19825.0,67925.0
724,1065,2025-12,65000,13000.0,9750.0,500,88250.0,8825.0,7800.0,0.0,16625.0,71625.0
725,1066,2025-01,90000,18000.0,13500.0,0,121500.0,18225.0,10800.0,3913.04,32938.04,88561.96
726,1066,2025-02,90000,18000.0,13500.0,0,121500.0,18225.0,10800.0,4500.0,33525.0,87975.0
727,1066,2025-03,90000,18000.0,13500.0,500,122000.0,18300.0,10800.0,0.0,29100.0,92900.0
728,1066,2025-04,90000,18000.0,13500.0,0,121500.0,18225.0,10800.0,4090.91,33115.91,88384.09
729,1066,2025-05,90000,18000.0,13500.0,500,122000.0,18300.0,10800.0,0.0,29100.0,92900.0
730,1066,2025-06,90000,18000.0,13500.0,0,121500.0,18225.0,10800.0,4285.71,33310.71,88189.29
731,1066,2025-07,90000,18000.0,13500.0,0,121500.0,18225.0,10800.0,3913.04,32938.04,88561.96
732,1066,2025-08,90000,18000.0,13500.0,1000,122500.0,18375.0,10800.0,0.0,29175.0,93325.0
733,1066,2025-09,90000,18000.0,13500.0,0,121500.0,18225.0,10800.0,0.0,29025.0,92475.0
734,1066,2025-10,90000,18000.0,13500.0,0,121500.0,18225.0,10800.0,0.0,29025.0,92475.0
735,1066,2025-11,90000,18000.0,13500.0,0,121500.0,18225.0,10800.0,0.0,29025.0,92475.0
736,1066,2025-12,90000,18000.0,13500.0,0,121500.0,18225.0,10800.0,0.0,29025.0,92475.0
737,1067,2025-01,150000,30000.0,22500.0,0,202500.0,30375.0,18000.0,0.0,48375.0,154125.0
738,1067,2025-02,150000,30000.0,22500.0,0,202500.0,30375.0,18000.0,0.0,48375.0,154125.0
739,1067,2025-03,150000,30000.0,22500.0,0,202500.0,30375.0,18000.0,14285.71,62660.71,139839.29
740,1067,2025-04,150000,30000.0,22500.0,2500,205000.0,30750.0,18000.0,6818.18,55568.18,149431.82
741,1067,2025-05,150000,30000.0,22500.0,0,202500.0,30375.0,18000.0,0.0,48375.0,154125.0
742,1067,2025-06,150000,30000.0,22500.0,0,202500.0,30375.0,18000.0,0.0,48375.0,154125.0
743,1067,2025-07,150000,30000.0,22500.0,0,202500.0,30375.0,18000.0,0.0,48375.0,154125.0
744,1067,2025-08,150000,30000.0,22500.0,4000,206500.0,30975.0,18000.0,0.0,48975.0,157525.0
745,1067,2025-09,150000,30000.0,22500.0,2000,204500.0,30675.0,18000.0,0.0,48675.0,155825.0
746,1067,2025-10,150000,30000.0,22500.0,6000,208500.0,31275.0,18000.0,0.0,49275.0,159225.0
747,1067,2025-11,150000,30000.0,22500.0,2500,205000.0,30750.0,18000.0,7500.0,56250.0,148750.0
748,1067,2025-12,150000,30000.0,22500.0,0,202500.0,30375.0,18000.0,0.0,48375.0,154125.0
749,1068,2025-01,80000,16000.0,12000.0,0,108000.0,16200.0,9600.0,3478.26,29278.26,78721.74
750,1068,2025-02,80000,16000.0,12000.0,0,108000.0,16200.0,9600.0,0.0,25800.0,82200.0
751,1068,2025-03,80000,16000.0,12000.0,0,108000.0,16200.0,9600.0,0.0,25800.0,82200.0
752,1068,2025-04,80000,16000.0,12000.0,0,108000.0,16200.0,9600.0,0.0,25800.0,82200.0
753,1068,2025-05,80000,16000.0,12000.0,2000,110000.0,16500.0,9600.0,0.0,26100.0,83900.0
754,1068,2025-06,80000,16000.0,12000.0,1000,109000.0,16350.0,9600.0,11428.57,37378.57,71621.43
755,1068,2025-07,80000,16000.0,12000.0,0,108000.0,16200.0,9600.0,6956.52,32756.52,75243.48
756,1068,2025-08,80000,16000.0,12000.0,1500,109500.0,16425.0,9600.0,0.0,26025.0,83475.0
757,1068,2025-09,80000,16000.0,12000.0,0,108000.0,16200.0,9600.0,3636.36,29436.36,78563.64
758,1068,2025-10,80000,16000.0,12000.0,0,108000.0,16200.0,9600.0,0.0,25800.0,82200.0
759,1068,2025-11,80000,16000.0,12000.0,2500,110500.0,16575.0,9600.0,0.0,26175.0,84325.0
760,1068,2025-12,80000,16000.0,12000.0,5500,113500.0,17025.0,9600.0,3478.26,30103.26,83396.74
761,1069,2025-01,95000,19000.0,14250.0,4500,132750.0,19912.5,11400.0,0.0,31312.5,101437.5
762,1069,2025-02,95000,19000.0,14250.0,1000,129250.0,19387.5,11400.0,0.0,30787.5,98462.5
763,1069,2025-03,95000,19000.0,14250.0,0,128250.0,19237.5,11400.0,0.0,30637.5,97612.5
764,1069,2025-04,95000,19000.0,14250.0,4000,132250.0,19837.5,11400.0,4318.18,35555.68,96694.32
765,1069,2025-05,95000,19000.0,14250.0,0,128250.0,19237.5,11400.0,8636.36,39273.86,88976.14
766,1069,2025-06,95000,19000.0,14250.0,0,128250.0,19237.5,11400.0,9047.62,39685.12,88564.88
767,1069,2025-07,95000,19000.0,14250.0,0,128250.0,19237.5,11400.0,24782.61,55420.11,72829.89
768,1069,2025-08,95000,19000.0,14250.0,0,128250.0,19237.5,11400.0,4523.81,35161.31,93088.69
769,1069,2025-09,95000,19000.0,14250.0,0,128250.0,19237.5,11400.0,0.0,30637.5,97612.5
770,1069,2025-10,95000,19000.0,14250.0,0,128250.0,19237.5,11400.0,4130.43,34767.93,93482.07
771,1069,2025-11,95000,19000.0,14250.0,0,128250.0,19237.5,11400.0,4750.0,35387.5,92862.5
772,1069,2025-12,95000,19000.0,14250.0,0,128250.0,19237.5,11400.0,4130.43,34767.93,93482.07
773,1070,2025-01,90000,18000.0,13500.0,2500,124000.0,18600.0,10800.0,11739.13,41139.13,82860.87
774,1070,2025-02,90000,18000.0,13500.0,0,121500.0,18225.0,10800.0,27000.0,56025.0,65475.0
775,1070,2025-03,90000,18000.0,13500.0,0,121500.0,18225.0,10800.0,30000.0,59025.0,62475.0
776,1070,2025-04,90000,18000.0,13500.0,500,122000.0,18300.0,10800.0,4090.91,33190.91,88809.09
777,1070,2025-05,90000,18000.0,13500.0,0,121500.0,18225.0,10800.0,12272.73,41297.73,80202.27
778,1070,2025-06,90000,18000.0,13500.0,0,121500.0,18225.0,10800.0,4285.71,33310.71,88189.29
779,1070,2025-07,90000,18000.0,13500.0,0,121500.0,18225.0,10800.0,0.0,29025.0,92475.0
780,1070,2025-08,90000,18000.0,13500.0,1000,122500.0,18375.0,10800.0,4285.71,33460.71,89039.29
781,1070,2025-09,90000,18000.0,13500.0,0,121500.0,18225.0,10800.0,0.0,29025.0,92475.0
782,1070,2025-10,90000,18000.0,13500.0,0,121500.0,18225.0,10800.0,0.0,29025.0,92475.0
783,1070,2025-11,90000,18000.0,13500.0,6000,127500.0,19125.0,10800.0,0.0,29925.0,97575.0
784,1070,2025-12,90000,18000.0,13500.0,500,122000.0,18300.0,10800.0,3913.04,33013.04,88986.96
785,1071,2025-01,70000,14000.0,10500.0,1000,95500.0,9550.0,8400.0,15217.39,33167.39,62332.61
786,1071,2025-02,70000,14000.0,10500.0,3000,97500.0,9750.0,8400.0,0.0,18150.0,79350.0
787,1071,2025-03,70000,14000.0,10500.0,0,94500.0,9450.0,8400.0,0.0,17850.0,76650.0
788,1071,2025-04,70000,14000.0,10500.0,0,94500.0,9450.0,8400.0,22272.73,40122.73,54377.27
789,1071,2025-05,70000,14000.0,10500.0,0,94500.0,9450.0,8400.0,0.0,17850.0,76650.0
790,1071,2025-06,70000,14000.0,10500.0,0,94500.0,9450.0,8400.0,0.0,17850.0,76650.0
791,1071,2025-07,70000,14000.0,10500.0,0,94500.0,9450.0,8400.0,0.0,17850.0,76650.0
792,1071,2025-08,70000,14000.0,10500.0,0,94500.0,9450.0,8400.0,3333.33,21183.33,73316.67
793,1071,2025-09,70000,14000.0,10500.0,0,94500.0,9450.0,8400.0,15909.09,33759.09,60740.91
794,1071,2025-10,70000,14000.0,10500.0,500,95000.0,9500.0,8400.0,6086.96,23986.96,71013.04
795,1071,2025-11,70000,14000.0,10500.0,0,94500.0,9450.0,8400.0,0.0,17850.0,76650.0
796,1071,2025-12,70000,14000.0,10500.0,0,94500.0,9450.0,8400.0,0.0,17850.0,76650.0
797,1072,2025-01,150000,30000.0,22500.0,0,202500.0,30375.0,18000.0,0.0,48375.0,154125.0
798,1072,2025-02,150000,30000.0,22500.0,0,202500.0,30375.0,18000.0,7500.0,55875.0,146625.0
799,1072,2025-03,150000,30000.0,22500.0,0,202500.0,30375.0,18000.0,0.0,48375.0,154125.0
800,1072,2025-04,150000,30000.0,22500.0,1000,203500.0,30525.0,18000.0,0.0,48525.0,154975.0
801,1072,2025-05,150000,30000.0,22500.0,1000,203500.0,30525.0,18000.0,0.0,48525.0,154975.0
802,1072,2025-06,150000,30000.0,22500.0,0,202500.0,30375.0,18000.0,14285.71,62660.71,139839.29
803,1072,2025-07,150000,30000.0,22500.0,500,203000.0,30450.0,18000.0,0.0,48450.0,154550.0
804,1072,2025-08,150000,30000.0,22500.0,0,202500.0,30375.0,18000.0,7142.86,55517.86,146982.14
805,1072,2025-09,150000,30000.0,22500.0,0,202500.0,30375.0,18000.0,6818.18,55193.18,147306.82
806,1072,2025-10,150000,30000.0,22500.0,0,202500.0,30375.0,18000.0,6521.74,54896.74,147603.26
807,1072,2025-11,150000,30000.0,22500.0,0,202500.0,30375.0,18000.0,0.0,48375.0,154125.0
808,1072,2025-12,150000,30000.0,22500.0,4000,206500.0,30975.0,18000.0,0.0,48975.0,157525.0
809,1073,2025-01,70000,14000.0,10500.0,2500,97000.0,9700.0,8400.0,0.0,18100.0,78900.0
810,1073,2025-02,70000,14000.0,10500.0,0,94500.0,9450.0,8400.0,10500.0,28350.0,66150.0
811,1073,2025-03,70000,14000.0,10500.0,0,94500.0,9450.0,8400.0,0.0,17850.0,76650.0
812,1073,2025-04,70000,14000.0,10500.0,0,94500.0,9450.0,8400.0,15909.09,33759.09,60740.91
813,1073,2025-05,70000,14000.0,10500.0,0,94500.0,9450.0,8400.0,0.0,17850.0,76650.0
814,1073,2025-06,70000,14000.0,10500.0,0,94500.0,9450.0,8400.0,0.0,17850.0,76650.0
815,1073,2025-07,70000,14000.0,10500.0,0,94500.0,9450.0,8400.0,0.0,17850.0,76650.0
816,1073,2025-08,70000,14000.0,10500.0,0,94500.0,9450.0,8400.0,0.0,17850.0,76650.0
817,1073,2025-09,70000,14000.0,10500.0,5500,100000.0,10000.0,8400.0,0.0,18400.0,81600.0
818,1073,2025-10,70000,14000.0,10500.0,500,95000.0,9500.0,8400.0,0.0,17900.0,77100.0
819,1073,2025-11,70000,14000.0,10500.0,0,94500.0,9450.0,8400.0,0.0,17850.0,76650.0
820,1073,2025-12,70000,14000.0,10500.0,0,94500.0,9450.0,8400.0,0.0,17850.0,76650.0
821,1074,2025-01,50000,10000.0,7500.0,0,67500.0,6750.0,6000.0,0.0,12750.0,54750.0
822,1074,2025-02,50000,10000.0,7500.0,0,67500.0,6750.0,6000.0,0.0,12750.0,54750.0
823,1074,2025-03,50000,10000.0,7500.0,0,67500.0,6750.0,6000.0,0.0,12750.0,54750.0
824,1074,2025-04,50000,10000.0,7500.0,0,67500.0,6750.0,6000.0,2272.73,15022.73,52477.27
825,1074,2025-05,50000,10000.0,7500.0,0,67500.0,6750.0,6000.0,0.0,12750.0,54750.0
826,1074,2025-06,50000,10000.0,7500.0,0,67500.0,6750.0,6000.0,4761.9,17511.9,49988.1
827,1074,2025-07,50000,10000.0,7500.0,0,67500.0,6750.0,6000.0,2173.91,14923.91,52576.09
828,1074,2025-08,50000,10000.0,7500.0,0,67500.0,6750.0,6000.0,0.0,12750.0,54750.0
829,1074,2025-09,50000,10000.0,7500.0,0,67500.0,6750.0,6000.0,0.0,12750.0,54750.0
830,1074,2025-10,50000,10000.0,7500.0,0,67500.0,6750.0,6000.0,2173.91,14923.91,52576.09
831,1074,2025-11,50000,10000.0,7500.0,0,67500.0,6750.0,6000.0,0.0,12750.0,54750.0
832,1074,2025-12,50000,10000.0,7500.0,0,67500.0,6750.0,6000.0,0.0,12750.0,54750.0
833,1075,2025-05,45000,9000.0,6750.0,0,60750.0,6075.0,5400.0,12272.73,23747.73,37002.27
834,1075,2025-06,45000,9000.0,6750.0,1500,62250.0,6225.0,5400.0,0.0,11625.0,50625.0
835,1075,2025-07,45000,9000.0,6750.0,0,60750.0,6075.0,5400.0,0.0,11475.0,49275.0
836,1075,2025-08,45000,9000.0,6750.0,0,60750.0,6075.0,5400.0,0.0,11475.0,49275.0
837,1075,2025-09,45000,9000.0,6750.0,0,60750.0,6075.0,5400.0,0.0,11475.0,49275.0
838,1075,2025-10,45000,9000.0,6750.0,0,60750.0,6075.0,5400.0,1956.52,13431.52,47318.48
839,1075,2025-11,45000,9000.0,6750.0,0,60750.0,6075.0,5400.0,0.0,11475.0,49275.0
840,1075,2025-12,45000,9000.0,6750.0,1500,62250.0,6225.0,5400.0,0.0,11625.0,50625.0
841,1076,2025-08,50000,10000.0,7500.0,0,67500.0,6750.0,6000.0,0.0,12750.0,54750.0
842,1076,2025-09,50000,10000.0,7500.0,0,67500.0,6750.0,6000.0,0.0,12750.0,54750.0
843,1076,2025-10,50000,10000.0,7500.0,5000,72500.0,7250.0,6000.0,2173.91,15423.91,57076.09
844,1076,2025-11,50000,10000.0,7500.0,0,67500.0,6750.0,6000.0,7500.0,20250.0,47250.0
845,1076,2025-12,50000,10000.0,7500.0,6000,73500.0,7350.0,6000.0,2173.91,15523.91,57976.09
846,1077,2025-01,90000,18000.0,13500.0,0,121500.0,18225.0,10800.0,3913.04,32938.04,88561.96
847,1077,2025-02,90000,18000.0,13500.0,5500,127000.0,19050.0,10800.0,0.0,29850.0,97150.0
848,1077,2025-03,90000,18000.0,13500.0,2000,123500.0,18525.0,10800.0,0.0,29325.0,94175.0
849,1077,2025-04,90000,18000.0,13500.0,0,121500.0,18225.0,10800.0,8181.82,37206.82,84293.18
850,1077,2025-05,90000,18000.0,13500.0,0,121500.0,18225.0,10800.0,0.0,29025.0,92475.0
851,1077,2025-06,90000,18000.0,13500.0,0,121500.0,18225.0,10800.0,0.0,29025.0,92475.0
852,1077,2025-07,90000,18000.0,13500.0,0,121500.0,18225.0,10800.0,0.0,29025.0,92475.0
853,1077,2025-08,90000,18000.0,13500.0,0,121500.0,18225.0,10800.0,0.0,29025.0,92475.0
854,1077,2025-09,90000,18000.0,13500.0,1500,123000.0,18450.0,10800.0,0.0,29250.0,93750.0
855,1077,2025-10,90000,18000.0,13500.0,0,121500.0,18225.0,10800.0,0.0,29025.0,92475.0
856,1077,2025-11,90000,18000.0,13500.0,500,122000.0,18300.0,10800.0,0.0,29100.0,92900.0
857,1077,2025-12,90000,18000.0,13500.0,0,121500.0,18225.0,10800.0,3913.04,32938.04,88561.96
858,1078,2025-01,90000,18000.0,13500.0,0,121500.0,18225.0,10800.0,0.0,29025.0,92475.0
859,1078,2025-02,90000,18000.0,13500.0,0,121500.0,18225.0,10800.0,4500.0,33525.0,87975.0
860,1078,2025-03,90000,18000.0,13500.0,6000,127500.0,19125.0,10800.0,4285.71,34210.71,93289.29
861,1078,2025-04,90000,18000.0,13500.0,0,121500.0,18225.0,10800.0,4090.91,33115.91,88384.09
862,1078,2025-05,90000,18000.0,13500.0,0,121500.0,18225.0,10800.0,8181.82,37206.82,84293.18
863,1078,2025-06,90000,18000.0,13500.0,0,121500.0,18225.0,10800.0,12857.14,41882.14,79617.86
864,1078,2025-07,90000,18000.0,13500.0,0,121500.0,18225.0,10800.0,0.0,29025.0,92475.0
865,1078,2025-08,90000,18000.0,13500.0,0,121500.0,18225.0,10800.0,8571.43,37596.43,83903.57
866,1078,2025-09,90000,18000.0,13500.0,0,121500.0,18225.0,10800.0,0.0,29025.0,92475.0
867,1078,2025-10,90000,18000.0,13500.0,0,121500.0,18225.0,10800.0,0.0,29025.0,92475.0
868,1078,2025-11,90000,18000.0,13500.0,0,121500.0,18225.0,10800.0,4500.0,33525.0,87975.0
869,1078,2025-12,90000,18000.0,13500.0,0,121500.0,18225.0,10800.0,0.0,29025.0,92475.0
870,1079,2025-01,80000,16000.0,12000.0,500,108500.0,16275.0,9600.0,3478.26,29353.26,79146.74
871,1079,2025-02,80000,16000.0,12000.0,2000,110000.0,16500.0,9600.0,0.0,26100.0,83900.0
872,1079,2025-03,80000,16000.0,12000.0,4500,112500.0,16875.0,9600.0,3809.52,30284.52,82215.48
873,1079,2025-04,80000,16000.0,12000.0,1500,109500.0,16425.0,9600.0,10909.09,36934.09,72565.91
874,1079,2025-05,80000,16000.0,12000.0,0,108000.0,16200.0,9600.0,3636.36,29436.36,78563.64
875,1079,2025-06,80000,16000.0,12000.0,0,108000.0,16200.0,9600.0,3809.52,29609.52,78390.48
876,1079,2025-07,80000,16000.0,12000.0,500,108500.0,16275.0,9600.0,3478.26,29353.26,79146.74
877,1079,2025-08,80000,16000.0,12000.0,0,108000.0,16200.0,9600.0,11428.57,37228.57,70771.43
878,1079,2025-09,80000,16000.0,12000.0,2000,110000.0,16500.0,9600.0,18181.82,44281.82,65718.18
879,1079,2025-10,80000,16000.0,12000.0,0,108000.0,16200.0,9600.0,3478.26,29278.26,78721.74
880,1079,2025-11,80000,16000.0,12000.0,0,108000.0,16200.0,9600.0,4000.0,29800.0,78200.0
881,1079,2025-12,80000,16000.0,12000.0,0,108000.0,16200.0,9600.0,3478.26,29278.26,78721.74
882,1080,2025-01,60000,12000.0,9000.0,2000,83000.0,8300.0,7200.0,0.0,15500.0,67500.0
883,1080,2025-02,60000,12000.0,9000.0,0,81000.0,8100.0,7200.0,0.0,15300.0,65700.0
884,1080,2025-03,60000,12000.0,9000.0,0,81000.0,8100.0,7200.0,0.0,15300.0,65700.0
885,1080,2025-04,60000,12000.0,9000.0,500,81500.0,8150.0,7200.0,0.0,15350.0,66150.0
886,1080,2025-05,60000,12000.0,9000.0,500,81500.0,8150.0,7200.0,0.0,15350.0,66150.0
887,1080,2025-06,60000,12000.0,9000.0,0,81000.0,8100.0,7200.0,0.0,15300.0,65700.0
888,1080,2025-07,60000,12000.0,9000.0,1000,82000.0,8200.0,7200.0,2608.7,18008.7,63991.3
889,1080,2025-08,60000,12000.0,9000.0,0,81000.0,8100.0,7200.0,0.0,15300.0,65700.0
890,1080,2025-09,60000,12000.0,9000.0,0,81000.0,8100.0,7200.0,2727.27,18027.27,62972.73
891,1080,2025-10,60000,12000.0,9000.0,0,81000.0,8100.0,7200.0,0.0,15300.0,65700.0
892,1080,2025-11,60000,12000.0,9000.0,0,81000.0,8100.0,7200.0,0.0,15300.0,65700.0
893,1080,2025-12,60000,12000.0,9000.0,0,81000.0,8100.0,7200.0,2608.7,17908.7,63091.3
894,1081,2025-01,120000,24000.0,18000.0,2500,164500.0,24675.0,14400.0,5217.39,44292.39,120207.61
895,1081,2025-02,120000,24000.0,18000.0,2000,164000.0,24600.0,14400.0,0.0,39000.0,125000.0
896,1081,2025-03,120000,24000.0,18000.0,2000,164000.0,24600.0,14400.0,0.0,39000.0,125000.0
897,1081,2025-04,120000,24000.0,18000.0,6000,168000.0,25200.0,14400.0,0.0,39600.0,128400.0
898,1081,2025-05,120000,24000.0,18000.0,0,162000.0,24300.0,14400.0,0.0,38700.0,123300.0
899,1081,2025-06,120000,24000.0,18000.0,0,162000.0,24300.0,14400.0,0.0,38700.0,123300.0
900,1081,2025-07,120000,24000.0,18000.0,0,162000.0,24300.0,14400.0,5217.39,43917.39,118082.61
901,1081,2025-08,120000,24000.0,18000.0,0,162000.0,24300.0,14400.0,0.0,38700.0,123300.0
902,1081,2025-09,120000,24000.0,18000.0,0,162000.0,24300.0,14400.0,0.0,38700.0,123300.0
903,1081,2025-10,120000,24000.0,18000.0,0,162000.0,24300.0,14400.0,0.0,38700.0,123300.0
904,1081,2025-11,120000,24000.0,18000.0,0,162000.0,24300.0,14400.0,6000.0,44700.0,117300.0
905,1081,2025-12,120000,24000.0,18000.0,0,162000.0,24300.0,14400.0,5217.39,43917.39,118082.61
906,1082,2025-01,150000,30000.0,22500.0,0,202500.0,30375.0,18000.0,6521.74,54896.74,147603.26
907,1082,2025-02,150000,30000.0,22500.0,0,202500.0,30375.0,18000.0,0.0,48375.0,154125.0
908,1082,2025-03,150000,30000.0,22500.0,0,202500.0,30375.0,18000.0,7142.86,55517.86,146982.14
909,1082,2025-04,150000,30000.0,22500.0,0,202500.0,30375.0,18000.0,6818.18,55193.18,147306.82
910,1082,2025-05,150000,30000.0,22500.0,0,202500.0,30375.0,18000.0,0.0,48375.0,154125.0
911,1082,2025-06,150000,30000.0,22500.0,0,202500.0,30375.0,18000.0,0.0,48375.0,154125.0
912,1082,2025-07,150000,30000.0,22500.0,0,202500.0,30375.0,18000.0,6521.74,54896.74,147603.26
913,1082,2025-08,150000,30000.0,22500.0,0,202500.0,30375.0,18000.0,7142.86,55517.86,146982.14
914,1082,2025-09,150000,30000.0,22500.0,0,202500.0,30375.0,18000.0,0.0,48375.0,154125.0
915,1082,2025-10,150000,30000.0,22500.0,0,202500.0,30375.0,18000.0,0.0,48375.0,154125.0
916,1082,2025-11,150000,30000.0,22500.0,0,202500.0,30375.0,18000.0,0.0,48375.0,154125.0
917,1082,2025-12,150000,30000.0,22500.0,0,202500.0,30375.0,18000.0,13043.48,61418.48,141081.52
918,1083,2025-01,50000,10000.0,7500.0,500,68000.0,6800.0,6000.0,0.0,12800.0,55200.0
919,1083,2025-02,50000,10000.0,7500.0,0,67500.0,6750.0,6000.0,0.0,12750.0,54750.0
920,1083,2025-03,50000,10000.0,7500.0,0,67500.0,6750.0,6000.0,0.0,12750.0,54750.0
921,1083,2025-04,50000,10000.0,7500.0,4500,72000.0,7200.0,6000.0,4545.45,17745.45,54254.55
922,1083,2025-05,50000,10000.0,7500.0,4500,72000.0,7200.0,6000.0,0.0,13200.0,58800.0
923,1083,2025-06,50000,10000.0,7500.0,0,67500.0,6750.0,6000.0,4761.9,17511.9,49988.1
924,1083,2025-07,50000,10000.0,7500.0,0,67500.0,6750.0,6000.0,4347.83,17097.83,50402.17
925,1083,2025-08,50000,10000.0,7500.0,2000,69500.0,6950.0,6000.0,2380.95,15330.95,54169.05
926,1083,2025-09,50000,10000.0,7500.0,0,67500.0,6750.0,6000.0,0.0,12750.0,54750.0
927,1083,2025-10,50000,10000.0,7500.0,0,67500.0,6750.0,6000.0,0.0,12750.0,54750.0
928,1083,2025-11,50000,10000.0,7500.0,0,67500.0,6750.0,6000.0,2500.0,15250.0,52250.0
929,1083,2025-12,50000,10000.0,7500.0,4000,71500.0,7150.0,6000.0,0.0,13150.0,58350.0
930,1084,2025-01,95000,19000.0,14250.0,0,128250.0,19237.5,11400.0,8260.87,38898.37,89351.63
931,1084,2025-02,95000,19000.0,14250.0,1500,129750.0,19462.5,11400.0,0.0,30862.5,98887.5
932,1084,2025-03,95000,19000.0,14250.0,1000,129250.0,19387.5,11400.0,13571.43,44358.93,84891.07
933,1084,2025-04,95000,19000.0,14250.0,0,128250.0,19237.5,11400.0,12954.55,43592.05,84657.95
934,1084,2025-05,95000,19000.0,14250.0,6000,134250.0,20137.5,11400.0,12954.55,44492.05,89757.95
935,1084,2025-06,95000,19000.0,14250.0,0,128250.0,19237.5,11400.0,4523.81,35161.31,93088.69
936,1084,2025-07,95000,19000.0,14250.0,1500,129750.0,19462.5,11400.0,4130.43,34992.93,94757.07
937,1084,2025-08,95000,19000.0,14250.0,0,128250.0,19237.5,11400.0,0.0,30637.5,97612.5
938,1084,2025-09,95000,19000.0,14250.0,0,128250.0,19237.5,11400.0,12954.55,43592.05,84657.95
939,1084,2025-10,95000,19000.0,14250.0,0,128250.0,19237.5,11400.0,8260.87,38898.37,89351.63
940,1084,2025-11,95000,19000.0,14250.0,0,128250.0,19237.5,11400.0,9500.0,40137.5,88112.5
941,1084,2025-12,95000,19000.0,14250.0,0,128250.0,19237.5,11400.0,0.0,30637.5,97612.5
942,1085,2025-01,95000,19000.0,14250.0,0,128250.0,19237.5,11400.0,0.0,30637.5,97612.5
943,1085,2025-02,95000,19000.0,14250.0,0,128250.0,19237.5,11400.0,4750.0,35387.5,92862.5
944,1085,2025-03,95000,19000.0,14250.0,0,128250.0,19237.5,11400.0,0.0,30637.5,97612.5
945,1085,2025-04,95000,19000.0,14250.0,0,128250.0,19237.5,11400.0,4318.18,34955.68,93294.32
946,1085,2025-05,95000,19000.0,14250.0,0,128250.0,19237.5,11400.0,4318.18,34955.68,93294.32
947,1085,2025-06,95000,19000.0,14250.0,0,128250.0,19237.5,11400.0,9047.62,39685.12,88564.88
948,1085,2025-07,95000,19000.0,14250.0,0,128250.0,19237.5,11400.0,4130.43,34767.93,93482.07
949,1085,2025-08,95000,19000.0,14250.0,1500,129750.0,19462.5,11400.0,4523.81,35386.31,94363.69
950,1085,2025-09,95000,19000.0,14250.0,1500,129750.0,19462.5,11400.0,4318.18,35180.68,94569.32
951,1085,2025-10,95000,19000.0,14250.0,0,128250.0,19237.5,11400.0,4130.43,34767.93,93482.07
952,1085,2025-11,95000,19000.0,14250.0,0,128250.0,19237.5,11400.0,9500.0,40137.5,88112.5
953,1085,2025-12,95000,19000.0,14250.0,0,128250.0,19237.5,11400.0,0.0,30637.5,97612.5
954,1086,2025-01,120000,24000.0,18000.0,3000,165000.0,24750.0,14400.0,0.0,39150.0,125850.0
955,1086,2025-02,120000,24000.0,18000.0,0,162000.0,24300.0,14400.0,0.0,38700.0,123300.0
956,1086,2025-03,120000,24000.0,18000.0,0,162000.0,24300.0,14400.0,28571.43,67271.43,94728.57
957,1086,2025-04,120000,24000.0,18000.0,0,162000.0,24300.0,14400.0,0.0,38700.0,123300.0
958,1086,2025-05,120000,24000.0,18000.0,2000,164000.0,24600.0,14400.0,0.0,39000.0,125000.0
959,1086,2025-06,120000,24000.0,18000.0,0,162000.0,24300.0,14400.0,0.0,38700.0,123300.0
960,1086,2025-07,120000,24000.0,18000.0,6000,168000.0,25200.0,14400.0,26086.96,65686.96,102313.04
961,1086,2025-08,120000,24000.0,18000.0,5000,167000.0,25050.0,14400.0,0.0,39450.0,127550.0
962,1086,2025-09,120000,24000.0,18000.0,0,162000.0,24300.0,14400.0,21818.18,60518.18,101481.82
963,1086,2025-10,120000,24000.0,18000.0,2000,164000.0,24600.0,14400.0,5217.39,44217.39,119782.61
964,1086,2025-11,120000,24000.0,18000.0,0,162000.0,24300.0,14400.0,18000.0,56700.0,105300.0
965,1086,2025-12,120000,24000.0,18000.0,0,162000.0,24300.0,14400.0,20869.57,59569.57,102430.43
966,1087,2025-01,70000,14000.0,10500.0,0,94500.0,9450.0,8400.0,0.0,17850.0,76650.0
967,1087,2025-02,70000,14000.0,10500.0,500,95000.0,9500.0,8400.0,10500.0,28400.0,66600.0
968,1087,2025-03,70000,14000.0,10500.0,0,94500.0,9450.0,8400.0,3333.33,21183.33,73316.67
969,1087,2025-04,70000,14000.0,10500.0,0,94500.0,9450.0,8400.0,0.0,17850.0,76650.0
970,1087,2025-05,70000,14000.0,10500.0,0,94500.0,9450.0,8400.0,0.0,17850.0,76650.0
971,1087,2025-06,70000,14000.0,10500.0,0,94500.0,9450.0,8400.0,0.0,17850.0,76650.0
972,1087,2025-07,70000,14000.0,10500.0,0,94500.0,9450.0,8400.0,12173.91,30023.91,64476.09
973,1087,2025-08,70000,14000.0,10500.0,1000,95500.0,9550.0,8400.0,0.0,17950.0,77550.0
974,1087,2025-09,70000,14000.0,10500.0,0,94500.0,9450.0,8400.0,0.0,17850.0,76650.0
975,1087,2025-10,70000,14000.0,10500.0,0,94500.0,9450.0,8400.0,9130.43,26980.43,67519.57
976,1087,2025-11,70000,14000.0,10500.0,0,94500.0,9450.0,8400.0,3500.0,21350.0,73150.0
977,1087,2025-12,70000,14000.0,10500.0,0,94500.0,9450.0,8400.0,0.0,17850.0,76650.0
978,1088,2025-01,70000,14000.0,10500.0,0,94500.0,9450.0,8400.0,3043.48,20893.48,73606.52
979,1088,2025-02,70000,14000.0,10500.0,0,94500.0,9450.0,8400.0,7000.0,24850.0,69650.0
980,1088,2025-03,70000,14000.0,10500.0,0,94500.0,9450.0,8400.0,6666.67,24516.67,69983.33
981,1088,2025-04,70000,14000.0,10500.0,0,94500.0,9450.0,8400.0,0.0,17850.0,76650.0
982,1088,2025-05,70000,14000.0,10500.0,0,94500.0,9450.0,8400.0,9545.45,27395.45,67104.55
983,1088,2025-06,70000,14000.0,10500.0,1000,95500.0,9550.0,8400.0,13333.33,31283.33,64216.67
984,1088,2025-07,70000,14000.0,10500.0,0,94500.0,9450.0,8400.0,0.0,17850.0,76650.0
985,1088,2025-08,70000,14000.0,10500.0,3500,98000.0,9800.0,8400.0,3333.33,21533.33,76466.67
986,1088,2025-09,70000,14000.0,10500.0,0,94500.0,9450.0,8400.0,0.0,17850.0,76650.0
987,1088,2025-10,70000,14000.0,10500.0,0,94500.0,9450.0,8400.0,0.0,17850.0,76650.0
988,1088,2025-11,70000,14000.0,10500.0,500,95000.0,9500.0,8400.0,0.0,17900.0,77100.0
989,1088,2025-12,70000,14000.0,10500.0,2000,96500.0,9650.0,8400.0,3043.48,21093.48,75406.52
990,1089,2025-01,95000,19000.0,14250.0,4500,132750.0,19912.5,11400.0,0.0,31312.5,101437.5
991,1089,2025-02,95000,19000.0,14250.0,0,128250.0,19237.5,11400.0,0.0,30637.5,97612.5
992,1089,2025-03,95000,19000.0,14250.0,0,128250.0,19237.5,11400.0,0.0,30637.5,97612.5
993,1089,2025-04,95000,19000.0,14250.0,0,128250.0,19237.5,11400.0,4318.18,34955.68,93294.32
994,1089,2025-05,95000,19000.0,14250.0,0,128250.0,19237.5,11400.0,0.0,30637.5,97612.5
995,1089,2025-06,95000,19000.0,14250.0,0,128250.0,19237.5,11400.0,0.0,30637.5,97612.5
996,1089,2025-07,95000,19000.0,14250.0,0,128250.0,19237.5,11400.0,0.0,30637.5,97612.5
997,1089,2025-08,95000,19000.0,14250.0,1500,129750.0,19462.5,11400.0,0.0,30862.5,98887.5
998,1089,2025-09,95000,19000.0,14250.0,1500,129750.0,19462.5,11400.0,4318.18,35180.68,94569.32
999,1089,2025-10,95000,19000.0,14250.0,0,128250.0,19237.5,11400.0,8260.87,38898.37,89351.63
1000,1089,2025-11,95000,19000.0,14250.0,0,128250.0,19237.5,11400.0,0.0,30637.5,97612.5
1001,1089,2025-12,95000,19000.0,14250.0,0,128250.0,19237.5,11400.0,20652.17,51289.67,76960.33
1002,1090,2025-01,95000,19000.0,14250.0,0,128250.0,19237.5,11400.0,8260.87,38898.37,89351.63
1003,1090,2025-02,95000,19000.0,14250.0,3500,131750.0,19762.5,11400.0,14250.0,45412.5,86337.5
1004,1090,2025-03,95000,19000.0,14250.0,0,128250.0,19237.5,11400.0,4523.81,35161.31,93088.69
1005,1090,2025-04,95000,19000.0,14250.0,2000,130250.0,19537.5,11400.0,0.0,30937.5,99312.5
1006,1090,2025-05,95000,19000.0,14250.0,0,128250.0,19237.5,11400.0,0.0,30637.5,97612.5
1007,1090,2025-06,95000,19000.0,14250.0,500,128750.0,19312.5,11400.0,22619.05,53331.55,75418.45
1008,1090,2025-07,95000,19000.0,14250.0,6000,134250.0,20137.5,11400.0,0.0,31537.5,102712.5
1009,1090,2025-08,95000,19000.0,14250.0,2000,130250.0,19537.5,11400.0,0.0,30937.5,99312.5
1010,1090,2025-09,95000,19000.0,14250.0,500,128750.0,19312.5,11400.0,4318.18,35030.68,93719.32
1011,1090,2025-10,95000,19000.0,14250.0,2500,130750.0,19612.5,11400.0,0.0,31012.5,99737.5
1012,1090,2025-11,95000,19000.0,14250.0,0,128250.0,19237.5,11400.0,0.0,30637.5,97612.5
1013,1090,2025-12,95000,19000.0,14250.0,0,128250.0,19237.5,11400.0,0.0,30637.5,97612.5
1014,1091,2025-07,50000,10000.0,7500.0,500,68000.0,6800.0,6000.0,0.0,12800.0,55200.0
1015,1091,2025-08,50000,10000.0,7500.0,1000,68500.0,6850.0,6000.0,0.0,12850.0,55650.0
1016,1091,2025-09,50000,10000.0,7500.0,500,68000.0,6800.0,6000.0,4545.45,17345.45,50654.55
1017,1091,2025-10,50000,10000.0,7500.0,0,67500.0,6750.0,6000.0,0.0,12750.0,54750.0
1018,1091,2025-11,50000,10000.0,7500.0,0,67500.0,6750.0,6000.0,0.0,12750.0,54750.0
1019,1091,2025-12,50000,10000.0,7500.0,2000,69500.0,6950.0,6000.0,8695.65,21645.65,47854.35
1020,1092,2025-01,90000,18000.0,13500.0,0,121500.0,18225.0,10800.0,3913.04,32938.04,88561.96
1021,1092,2025-02,90000,18000.0,13500.0,3000,124500.0,18675.0,10800.0,4500.0,33975.0,90525.0
1022,1092,2025-03,90000,18000.0,13500.0,0,121500.0,18225.0,10800.0,4285.71,33310.71,88189.29
1023,1092,2025-04,90000,18000.0,13500.0,0,121500.0,18225.0,10800.0,16363.64,45388.64,76111.36
1024,1092,2025-05,90000,18000.0,13500.0,3500,125000.0,18750.0,10800.0,0.0,29550.0,95450.0
1025,1092,2025-06,90000,18000.0,13500.0,0,121500.0,18225.0,10800.0,4285.71,33310.71,88189.29
1026,1092,2025-07,90000,18000.0,13500.0,0,121500.0,18225.0,10800.0,3913.04,32938.04,88561.96
1027,1092,2025-08,90000,18000.0,13500.0,0,121500.0,18225.0,10800.0,0.0,29025.0,92475.0
1028,1092,2025-09,90000,18000.0,13500.0,2500,124000.0,18600.0,10800.0,12272.73,41672.73,82327.27
1029,1092,2025-10,90000,18000.0,13500.0,0,121500.0,18225.0,10800.0,0.0,29025.0,92475.0
1030,1092,2025-11,90000,18000.0,13500.0,0,121500.0,18225.0,10800.0,4500.0,33525.0,87975.0
1031,1092,2025-12,90000,18000.0,13500.0,1500,123000.0,18450.0,10800.0,0.0,29250.0,93750.0
1032,1093,2025-01,60000,12000.0,9000.0,0,81000.0,8100.0,7200.0,5217.39,20517.39,60482.61
1033,1093,2025-02,60000,12000.0,9000.0,1000,82000.0,8200.0,7200.0,0.0,15400.0,66600.0
1034,1093,2025-03,60000,12000.0,9000.0,0,81000.0,8100.0,7200.0,0.0,15300.0,65700.0
1035,1093,2025-04,60000,12000.0,9000.0,0,81000.0,8100.0,7200.0,0.0,15300.0,65700.0
1036,1093,2025-05,60000,12000.0,9000.0,0,81000.0,8100.0,7200.0,0.0,15300.0,65700.0
1037,1093,2025-06,60000,12000.0,9000.0,5000,86000.0,8600.0,7200.0,0.0,15800.0,70200.0
1038,1093,2025-07,60000,12000.0,9000.0,0,81000.0,8100.0,7200.0,2608.7,17908.7,63091.3
1039,1093,2025-08,60000,12000.0,9000.0,0,81000.0,8100.0,7200.0,5714.29,21014.29,59985.71
1040,1093,2025-09,60000,12000.0,9000.0,5000,86000.0,8600.0,7200.0,2727.27,18527.27,67472.73
1041,1093,2025-10,60000,12000.0,9000.0,0,81000.0,8100.0,7200.0,0.0,15300.0,65700.0
1042,1093,2025-11,60000,12000.0,9000.0,2000,83000.0,8300.0,7200.0,0.0,15500.0,67500.0
1043,1093,2025-12,60000,12000.0,9000.0,0,81000.0,8100.0,7200.0,2608.7,17908.7,63091.3
1044,1094,2025-01,95000,19000.0,14250.0,4000,132250.0,19837.5,11400.0,4130.43,35367.93,96882.07
1045,1094,2025-02,95000,19000.0,14250.0,0,128250.0,19237.5,11400.0,0.0,30637.5,97612.5
1046,1094,2025-03,95000,19000.0,14250.0,0,128250.0,19237.5,11400.0,9047.62,39685.12,88564.88
1047,1094,2025-04,95000,19000.0,14250.0,0,128250.0,19237.5,11400.0,0.0,30637.5,97612.5
1048,1094,2025-05,95000,19000.0,14250.0,0,128250.0,19237.5,11400.0,4318.18,34955.68,93294.32
1049,1094,2025-06,95000,19000.0,14250.0,0,128250.0,19237.5,11400.0,13571.43,44208.93,84041.07
1050,1094,2025-07,95000,19000.0,14250.0,500,128750.0,19312.5,11400.0,8260.87,38973.37,89776.63
1051,1094,2025-08,95000,19000.0,14250.0,0,128250.0,19237.5,11400.0,0.0,30637.5,97612.5
1052,1094,2025-09,95000,19000.0,14250.0,0,128250.0,19237.5,11400.0,0.0,30637.5,97612.5
1053,1094,2025-10,95000,19000.0,14250.0,0,128250.0,19237.5,11400.0,12391.3,43028.8,85221.2
1054,1094,2025-11,95000,19000.0,14250.0,0,128250.0,19237.5,11400.0,0.0,30637.5,97612.5
1055,1094,2025-12,95000,19000.0,14250.0,1500,129750.0,19462.5,11400.0,0.0,30862.5,98887.5
1056,1095,2025-01,120000,24000.0,18000.0,3500,165500.0,24825.0,14400.0,0.0,39225.0,126275.0
1057,1095,2025-02,120000,24000.0,18000.0,4000,166000.0,24900.0,14400.0,0.0,39300.0,126700.0
1058,1095,2025-03,120000,24000.0,18000.0,0,162000.0,24300.0,14400.0,0.0,38700.0,123300.0
1059,1095,2025-04,120000,24000.0,18000.0,0,162000.0,24300.0,14400.0,5454.55,44154.55,117845.45
1060,1095,2025-05,120000,24000.0,18000.0,1000,163000.0,24450.0,14400.0,16363.64,55213.64,107786.36
1061,1095,2025-06,120000,24000.0,18000.0,0,162000.0,24300.0,14400.0,0.0,38700.0,123300.0
1062,1095,2025-07,120000,24000.0,18000.0,6000,168000.0,25200.0,14400.0,0.0,39600.0,128400.0
1063,1095,2025-08,120000,24000.0,18000.0,500,162500.0,24375.0,14400.0,5714.29,44489.29,118010.71
1064,1095,2025-09,120000,24000.0,18000.0,1500,163500.0,24525.0,14400.0,5454.55,44379.55,119120.45
1065,1095,2025-10,120000,24000.0,18000.0,0,162000.0,24300.0,14400.0,5217.39,43917.39,118082.61
1066,1095,2025-11,120000,24000.0,18000.0,6000,168000.0,25200.0,14400.0,0.0,39600.0,128400.0
1067,1095,2025-12,120000,24000.0,18000.0,0,162000.0,24300.0,14400.0,0.0,38700.0,123300.0
1068,1096,2025-01,65000,13000.0,9750.0,0,87750.0,8775.0,7800.0,5652.17,22227.17,65522.83
1069,1096,2025-02,65000,13000.0,9750.0,0,87750.0,8775.0,7800.0,0.0,16575.0,71175.0
1070,1096,2025-03,65000,13000.0,9750.0,0,87750.0,8775.0,7800.0,6190.48,22765.48,64984.52
1071,1096,2025-04,65000,13000.0,9750.0,1000,88750.0,8875.0,7800.0,0.0,16675.0,72075.0
1072,1096,2025-05,65000,13000.0,9750.0,0,87750.0,8775.0,7800.0,2954.55,19529.55,68220.45
1073,1096,2025-06,65000,13000.0,9750.0,2000,89750.0,8975.0,7800.0,0.0,16775.0,72975.0
1074,1096,2025-07,65000,13000.0,9750.0,4500,92250.0,9225.0,7800.0,0.0,17025.0,75225.0
1075,1096,2025-08,65000,13000.0,9750.0,0,87750.0,8775.0,7800.0,3095.24,19670.24,68079.76
1076,1096,2025-09,65000,13000.0,9750.0,1000,88750.0,8875.0,7800.0,8863.64,25538.64,63211.36
1077,1096,2025-10,65000,13000.0,9750.0,0,87750.0,8775.0,7800.0,5652.17,22227.17,65522.83
1078,1096,2025-11,65000,13000.0,9750.0,500,88250.0,8825.0,7800.0,0.0,16625.0,71625.0
1079,1096,2025-12,65000,13000.0,9750.0,0,87750.0,8775.0,7800.0,0.0,16575.0,71175.0
1080,1097,2025-01,50000,10000.0,7500.0,0,67500.0,6750.0,6000.0,0.0,12750.0,54750.0
1081,1097,2025-02,50000,10000.0,7500.0,0,67500.0,6750.0,6000.0,0.0,12750.0,54750.0
1082,1097,2025-03,50000,10000.0,7500.0,0,67500.0,6750.0,6000.0,0.0,12750.0,54750.0
1083,1097,2025-04,50000,10000.0,7500.0,0,67500.0,6750.0,6000.0,2272.73,15022.73,52477.27
1084,1097,2025-05,50000,10000.0,7500.0,0,67500.0,6750.0,6000.0,2272.73,15022.73,52477.27
1085,1097,2025-06,50000,10000.0,7500.0,0,67500.0,6750.0,6000.0,0.0,12750.0,54750.0
1086,1097,2025-07,50000,10000.0,7500.0,1500,69000.0,6900.0,6000.0,0.0,12900.0,56100.0
1087,1097,2025-08,50000,10000.0,7500.0,0,67500.0,6750.0,6000.0,2380.95,15130.95,52369.05
1088,1097,2025-09,50000,10000.0,7500.0,1000,68500.0,6850.0,6000.0,0.0,12850.0,55650.0
1089,1097,2025-10,50000,10000.0,7500.0,0,67500.0,6750.0,6000.0,6521.74,19271.74,48228.26
1090,1097,2025-11,50000,10000.0,7500.0,0,67500.0,6750.0,6000.0,0.0,12750.0,54750.0
1091,1097,2025-12,50000,10000.0,7500.0,3000,70500.0,7050.0,6000.0,2173.91,15223.91,55276.09
1092,1098,2025-01,80000,16000.0,12000.0,0,108000.0,16200.0,9600.0,0.0,25800.0,82200.0
1093,1098,2025-02,80000,16000.0,12000.0,500,108500.0,16275.0,9600.0,4000.0,29875.0,78625.0
1094,1098,2025-03,80000,16000.0,12000.0,0,108000.0,16200.0,9600.0,3809.52,29609.52,78390.48
1095,1098,2025-04,80000,16000.0,12000.0,0,108000.0,16200.0,9600.0,0.0,25800.0,82200.0
1096,1098,2025-05,80000,16000.0,12000.0,0,108000.0,16200.0,9600.0,3636.36,29436.36,78563.64
1097,1098,2025-06,80000,16000.0,12000.0,0,108000.0,16200.0,9600.0,3809.52,29609.52,78390.48
1098,1098,2025-07,80000,16000.0,12000.0,0,108000.0,16200.0,9600.0,0.0,25800.0,82200.0
1099,1098,2025-08,80000,16000.0,12000.0,1000,109000.0,16350.0,9600.0,3809.52,29759.52,79240.48
1100,1098,2025-09,80000,16000.0,12000.0,0,108000.0,16200.0,9600.0,21818.18,47618.18,60381.82
1101,1098,2025-10,80000,16000.0,12000.0,0,108000.0,16200.0,9600.0,0.0,25800.0,82200.0
1102,1098,2025-11,80000,16000.0,12000.0,0,108000.0,16200.0,9600.0,0.0,25800.0,82200.0
1103,1098,2025-12,80000,16000.0,12000.0,2000,110000.0,16500.0,9600.0,3478.26,29578.26,80421.74
1104,1099,2025-03,50000,10000.0,7500.0,0,67500.0,6750.0,6000.0,0.0,12750.0,54750.0
1105,1099,2025-04,50000,10000.0,7500.0,0,67500.0,6750.0,6000.0,0.0,12750.0,54750.0
1106,1099,2025-05,50000,10000.0,7500.0,1000,68500.0,6850.0,6000.0,2272.73,15122.73,53377.27
1107,1099,2025-06,50000,10000.0,7500.0,0,67500.0,6750.0,6000.0,0.0,12750.0,54750.0
1108,1099,2025-07,50000,10000.0,7500.0,2000,69500.0,6950.0,6000.0,2173.91,15123.91,54376.09
1109,1099,2025-08,50000,10000.0,7500.0,0,67500.0,6750.0,6000.0,9523.81,22273.81,45226.19
1110,1099,2025-09,50000,10000.0,7500.0,0,67500.0,6750.0,6000.0,0.0,12750.0,54750.0
1111,1099,2025-10,50000,10000.0,7500.0,0,67500.0,6750.0,6000.0,4347.83,17097.83,50402.17
1112,1099,2025-11,50000,10000.0,7500.0,2000,69500.0,6950.0,6000.0,0.0,12950.0,56550.0
1113,1099,2025-12,50000,10000.0,7500.0,500,68000.0,6800.0,6000.0,0.0,12800.0,55200.0
1114,1100,2025-01,70000,14000.0,10500.0,0,94500.0,9450.0,8400.0,0.0,17850.0,76650.0
1115,1100,2025-02,70000,14000.0,10500.0,0,94500.0,9450.0,8400.0,10500.0,28350.0,66150.0
1116,1100,2025-03,70000,14000.0,10500.0,0,94500.0,9450.0,8400.0,0.0,17850.0,76650.0
1117,1100,2025-04,70000,14000.0,10500.0,0,94500.0,9450.0,8400.0,3181.82,21031.82,73468.18
1118,1100,2025-05,70000,14000.0,10500.0,0,94500.0,9450.0,8400.0,3181.82,21031.82,73468.18
1119,1100,2025-06,70000,14000.0,10500.0,0,94500.0,9450.0,8400.0,0.0,17850.0,76650.0
1120,1100,2025-07,70000,14000.0,10500.0,2000,96500.0,9650.0,8400.0,3043.48,21093.48,75406.52
1121,1100,2025-08,70000,14000.0,10500.0,0,94500.0,9450.0,8400.0,0.0,17850.0,76650.0
1122,1100,2025-09,70000,14000.0,10500.0,0,94500.0,9450.0,8400.0,0.0,17850.0,76650.0
1123,1100,2025-10,70000,14000.0,10500.0,500,95000.0,9500.0,8400.0,0.0,17900.0,77100.0
1124,1100,2025-11,70000,14000.0,10500.0,1000,95500.0,9550.0,8400.0,0.0,17950.0,77550.0
1125,1100,2025-12,70000,14000.0,10500.0,0,94500.0,9450.0,8400.0,6086.96,23936.96,70563.04
